
---- Retrieve data:

select * from tbl_registry_objects;
select * from tbl_identifiers;
select * from tbl_subjects;
select * from tbl_descriptions;
select * from tbl_complex_names;
select * from tbl_name_parts;
select * from tbl_related_info;
select * from tbl_locations;
select * from tbl_spatial_locations;
select * from tbl_address_locations;
select * from tbl_electronic_addresses;
select * from tbl_electronic_address_args;
select * from tbl_physical_addresses;
select * from tbl_address_parts;
select * from tbl_relations;
select * from tbl_relation_descriptions;

---- Destroy data:

delete from tbl_relation_descriptions;
delete from tbl_relations;
delete from tbl_address_parts;
delete from tbl_physical_addresses;
delete from tbl_electronic_address_args;
delete from tbl_electronic_addresses;
delete from tbl_address_locations;
delete from tbl_spatial_locations;
delete from tbl_locations;
delete from tbl_related_info;
delete from tbl_name_parts;
delete from tbl_complex_names;
delete from tbl_descriptions;
delete from tbl_subjects;
delete from tbl_identifiers;
delete from tbl_registry_objects

---- Create data:

insert into tbl_registry_objects (registry_object_key,registry_object_class,type,originating_source,originating_source_type) values (8911,'party','Punto de Servicio','AlziraII',null);
insert into tbl_registry_objects (registry_object_key,registry_object_class,type,originating_source,originating_source_type) values (8912,'party','Punto de Servicio','AlziraII',null);
insert into tbl_registry_objects (registry_object_key,registry_object_class,type,originating_source,originating_source_type) values (8913,'party','Punto de Servicio','AlziraII',null);
insert into tbl_registry_objects (registry_object_key,registry_object_class,type,originating_source,originating_source_type) values (8914,'party','Punto de Servicio','AlziraII',null);
insert into tbl_registry_objects (registry_object_key,registry_object_class,type,originating_source,originating_source_type) values (8915,'party','Punto de Servicio','AlziraII',null);
insert into tbl_registry_objects (registry_object_key,registry_object_class,type,originating_source,originating_source_type) values (8916,'party','Punto de Servicio','AlziraII',null);
insert into tbl_registry_objects (registry_object_key,registry_object_class,type,originating_source,originating_source_type) values (8917,'party','Punto de Servicio','AlziraII',null);
insert into tbl_registry_objects (registry_object_key,registry_object_class,type,originating_source,originating_source_type) values (8918,'party','Punto de Servicio','AlziraII',null);
insert into tbl_registry_objects (registry_object_key,registry_object_class,type,originating_source,originating_source_type) values (8919,'party','Punto de Servicio','AlziraII',null);
insert into tbl_registry_objects (registry_object_key,registry_object_class,type,originating_source,originating_source_type) values (8920,'party','Punto de Servicio','AlziraII',null);
insert into tbl_registry_objects (registry_object_key,registry_object_class,type,originating_source,originating_source_type) values (8921,'party','Punto de Servicio','AlziraII',null);
insert into tbl_registry_objects (registry_object_key,registry_object_class,type,originating_source,originating_source_type) values (8922,'party','Punto de Servicio','AlziraII',null);
insert into tbl_registry_objects (registry_object_key,registry_object_class,type,originating_source,originating_source_type) values (8923,'party','Punto de Servicio','AlziraII',null);
insert into tbl_registry_objects (registry_object_key,registry_object_class,type,originating_source,originating_source_type) values (8924,'party','Punto de Servicio','AlziraII',null);
insert into tbl_registry_objects (registry_object_key,registry_object_class,type,originating_source,originating_source_type) values (8925,'party','Punto de Servicio','AlziraII',null);
insert into tbl_registry_objects (registry_object_key,registry_object_class,type,originating_source,originating_source_type) values (8926,'party','Punto de Servicio','AlziraII',null);
insert into tbl_registry_objects (registry_object_key,registry_object_class,type,originating_source,originating_source_type) values (8927,'party','Punto de Servicio','AlziraII',null);
insert into tbl_registry_objects (registry_object_key,registry_object_class,type,originating_source,originating_source_type) values (8928,'party','Punto de Servicio','AlziraII',null);
insert into tbl_registry_objects (registry_object_key,registry_object_class,type,originating_source,originating_source_type) values (8929,'party','Punto de Servicio','AlziraII',null);
insert into tbl_registry_objects (registry_object_key,registry_object_class,type,originating_source,originating_source_type) values (8930,'party','Punto de Servicio','AlziraII',null);
insert into tbl_registry_objects (registry_object_key,registry_object_class,type,originating_source,originating_source_type) values (8931,'party','Punto de Servicio','AlziraII',null);
insert into tbl_registry_objects (registry_object_key,registry_object_class,type,originating_source,originating_source_type) values (8932,'party','Punto de Servicio','AlziraII',null);
insert into tbl_registry_objects (registry_object_key,registry_object_class,type,originating_source,originating_source_type) values (8933,'party','Punto de Servicio','AlziraII',null);
insert into tbl_registry_objects (registry_object_key,registry_object_class,type,originating_source,originating_source_type) values (8934,'party','Punto de Servicio','AlziraII',null);
insert into tbl_registry_objects (registry_object_key,registry_object_class,type,originating_source,originating_source_type) values (8935,'party','Punto de Servicio','AlziraII',null);
insert into tbl_registry_objects (registry_object_key,registry_object_class,type,originating_source,originating_source_type) values (8936,'party','Punto de Servicio','AlziraII',null);
insert into tbl_registry_objects (registry_object_key,registry_object_class,type,originating_source,originating_source_type) values (8937,'party','Punto de Servicio','AlziraII',null);
insert into tbl_registry_objects (registry_object_key,registry_object_class,type,originating_source,originating_source_type) values (8938,'party','Punto de Servicio','AlziraII',null);
insert into tbl_registry_objects (registry_object_key,registry_object_class,type,originating_source,originating_source_type) values (8939,'party','Punto de Servicio','AlziraII',null);
insert into tbl_registry_objects (registry_object_key,registry_object_class,type,originating_source,originating_source_type) values (8940,'party','Punto de Servicio','AlziraII',null);
insert into tbl_registry_objects (registry_object_key,registry_object_class,type,originating_source,originating_source_type) values (8941,'party','Punto de Servicio','AlziraII',null);
insert into tbl_registry_objects (registry_object_key,registry_object_class,type,originating_source,originating_source_type) values (8942,'party','Punto de Servicio','AlziraII',null);
insert into tbl_registry_objects (registry_object_key,registry_object_class,type,originating_source,originating_source_type) values (8943,'party','Punto de Servicio','AlziraII',null);
insert into tbl_registry_objects (registry_object_key,registry_object_class,type,originating_source,originating_source_type) values (8944,'party','Punto de Servicio','AlziraII',null);
insert into tbl_registry_objects (registry_object_key,registry_object_class,type,originating_source,originating_source_type) values (8945,'party','Punto de Servicio','AlziraII',null);
insert into tbl_registry_objects (registry_object_key,registry_object_class,type,originating_source,originating_source_type) values (8946,'party','Punto de Servicio','AlziraII',null);
insert into tbl_registry_objects (registry_object_key,registry_object_class,type,originating_source,originating_source_type) values (8947,'party','Punto de Servicio','AlziraII',null);
insert into tbl_registry_objects (registry_object_key,registry_object_class,type,originating_source,originating_source_type) values (8948,'party','Punto de Servicio','AlziraII',null);
insert into tbl_registry_objects (registry_object_key,registry_object_class,type,originating_source,originating_source_type) values (8949,'party','Punto de Servicio','AlziraII',null);
insert into tbl_registry_objects (registry_object_key,registry_object_class,type,originating_source,originating_source_type) values (8950,'party','Punto de Servicio','AlziraII',null);
insert into tbl_registry_objects (registry_object_key,registry_object_class,type,originating_source,originating_source_type) values (8951,'party','Punto de Servicio','AlziraII',null);
insert into tbl_registry_objects (registry_object_key,registry_object_class,type,originating_source,originating_source_type) values (8952,'party','Punto de Servicio','AlziraII',null);
insert into tbl_registry_objects (registry_object_key,registry_object_class,type,originating_source,originating_source_type) values (8953,'party','Punto de Servicio','AlziraII',null);
insert into tbl_registry_objects (registry_object_key,registry_object_class,type,originating_source,originating_source_type) values (8954,'party','Punto de Servicio','AlziraII',null);
insert into tbl_registry_objects (registry_object_key,registry_object_class,type,originating_source,originating_source_type) values (8955,'party','Punto de Servicio','AlziraII',null);
insert into tbl_registry_objects (registry_object_key,registry_object_class,type,originating_source,originating_source_type) values (8956,'party','Punto de Servicio','AlziraII',null);
insert into tbl_registry_objects (registry_object_key,registry_object_class,type,originating_source,originating_source_type) values (8957,'party','Punto de Servicio','AlziraII',null);
insert into tbl_registry_objects (registry_object_key,registry_object_class,type,originating_source,originating_source_type) values (8958,'party','Punto de Servicio','AlziraII',null);
insert into tbl_registry_objects (registry_object_key,registry_object_class,type,originating_source,originating_source_type) values (8959,'party','Punto de Servicio','AlziraII',null);
insert into tbl_registry_objects (registry_object_key,registry_object_class,type,originating_source,originating_source_type) values (8960,'party','Punto de Servicio','AlziraII',null);
insert into tbl_registry_objects (registry_object_key,registry_object_class,type,originating_source,originating_source_type) values (8961,'party','Unidad Administrativa','AlziraII',null);
insert into tbl_registry_objects (registry_object_key,registry_object_class,type,originating_source,originating_source_type) values (8962,'party','Unidad Administrativa','AlziraII',null);
insert into tbl_registry_objects (registry_object_key,registry_object_class,type,originating_source,originating_source_type) values (8963,'party','Unidad Administrativa','AlziraII',null);
insert into tbl_registry_objects (registry_object_key,registry_object_class,type,originating_source,originating_source_type) values (8964,'party','Unidad Administrativa','AlziraII',null);
insert into tbl_registry_objects (registry_object_key,registry_object_class,type,originating_source,originating_source_type) values (8965,'party','Unidad Administrativa','AlziraII',null);
insert into tbl_registry_objects (registry_object_key,registry_object_class,type,originating_source,originating_source_type) values (8966,'party','Unidad Administrativa','AlziraII',null);
insert into tbl_registry_objects (registry_object_key,registry_object_class,type,originating_source,originating_source_type) values (8967,'party','Unidad Administrativa','AlziraII',null);
insert into tbl_registry_objects (registry_object_key,registry_object_class,type,originating_source,originating_source_type) values (8968,'party','Unidad Administrativa','AlziraII',null);
insert into tbl_registry_objects (registry_object_key,registry_object_class,type,originating_source,originating_source_type) values (8969,'party','Unidad Administrativa','AlziraII',null);
insert into tbl_registry_objects (registry_object_key,registry_object_class,type,originating_source,originating_source_type) values (8970,'party','Unidad Administrativa','AlziraII',null);
insert into tbl_registry_objects (registry_object_key,registry_object_class,type,originating_source,originating_source_type) values (8971,'party','Unidad Administrativa','AlziraII',null);
insert into tbl_registry_objects (registry_object_key,registry_object_class,type,originating_source,originating_source_type) values (8972,'party','Unidad Administrativa','AlziraII',null);
insert into tbl_registry_objects (registry_object_key,registry_object_class,type,originating_source,originating_source_type) values (8973,'party','Unidad Administrativa','AlziraII',null);
insert into tbl_registry_objects (registry_object_key,registry_object_class,type,originating_source,originating_source_type) values (8974,'party','Unidad Administrativa','AlziraII',null);
insert into tbl_registry_objects (registry_object_key,registry_object_class,type,originating_source,originating_source_type) values (8975,'party','Unidad Administrativa','AlziraII',null);
insert into tbl_registry_objects (registry_object_key,registry_object_class,type,originating_source,originating_source_type) values (8976,'party','Unidad Administrativa','AlziraII',null);

insert into tbl_identifiers (identifier_id,registry_object_key,value,type) values (8910,8911,'989','Niden_ps');
insert into tbl_identifiers (identifier_id,registry_object_key,value,type) values (8911,8912,'990','Niden_ps');
insert into tbl_identifiers (identifier_id,registry_object_key,value,type) values (8912,8913,'991','Niden_ps');
insert into tbl_identifiers (identifier_id,registry_object_key,value,type) values (8913,8914,'992','Niden_ps');
insert into tbl_identifiers (identifier_id,registry_object_key,value,type) values (8914,8915,'993','Niden_ps');
insert into tbl_identifiers (identifier_id,registry_object_key,value,type) values (8915,8916,'994','Niden_ps');
insert into tbl_identifiers (identifier_id,registry_object_key,value,type) values (8916,8917,'995','Niden_ps');
insert into tbl_identifiers (identifier_id,registry_object_key,value,type) values (8917,8918,'996','Niden_ps');
insert into tbl_identifiers (identifier_id,registry_object_key,value,type) values (8918,8919,'997','Niden_ps');
insert into tbl_identifiers (identifier_id,registry_object_key,value,type) values (8919,8920,'998','Niden_ps');
insert into tbl_identifiers (identifier_id,registry_object_key,value,type) values (8920,8921,'999','Niden_ps');
insert into tbl_identifiers (identifier_id,registry_object_key,value,type) values (8921,8922,'1000','Niden_ps');
insert into tbl_identifiers (identifier_id,registry_object_key,value,type) values (8922,8923,'1001','Niden_ps');
insert into tbl_identifiers (identifier_id,registry_object_key,value,type) values (8923,8924,'1002','Niden_ps');
insert into tbl_identifiers (identifier_id,registry_object_key,value,type) values (8924,8925,'1003','Niden_ps');
insert into tbl_identifiers (identifier_id,registry_object_key,value,type) values (8925,8926,'1004','Niden_ps');
insert into tbl_identifiers (identifier_id,registry_object_key,value,type) values (8926,8927,'1005','Niden_ps');
insert into tbl_identifiers (identifier_id,registry_object_key,value,type) values (8927,8928,'1006','Niden_ps');
insert into tbl_identifiers (identifier_id,registry_object_key,value,type) values (8928,8929,'1007','Niden_ps');
insert into tbl_identifiers (identifier_id,registry_object_key,value,type) values (8929,8930,'1008','Niden_ps');
insert into tbl_identifiers (identifier_id,registry_object_key,value,type) values (8930,8931,'1009','Niden_ps');
insert into tbl_identifiers (identifier_id,registry_object_key,value,type) values (8931,8932,'1010','Niden_ps');
insert into tbl_identifiers (identifier_id,registry_object_key,value,type) values (8932,8933,'1011','Niden_ps');
insert into tbl_identifiers (identifier_id,registry_object_key,value,type) values (8933,8934,'1012','Niden_ps');
insert into tbl_identifiers (identifier_id,registry_object_key,value,type) values (8934,8935,'1013','Niden_ps');
insert into tbl_identifiers (identifier_id,registry_object_key,value,type) values (8935,8936,'1014','Niden_ps');
insert into tbl_identifiers (identifier_id,registry_object_key,value,type) values (8936,8937,'1015','Niden_ps');
insert into tbl_identifiers (identifier_id,registry_object_key,value,type) values (8937,8938,'1016','Niden_ps');
insert into tbl_identifiers (identifier_id,registry_object_key,value,type) values (8938,8939,'1017','Niden_ps');
insert into tbl_identifiers (identifier_id,registry_object_key,value,type) values (8939,8940,'1018','Niden_ps');
insert into tbl_identifiers (identifier_id,registry_object_key,value,type) values (8940,8941,'1024','Niden_ps');
insert into tbl_identifiers (identifier_id,registry_object_key,value,type) values (8941,8942,'1026','Niden_ps');
insert into tbl_identifiers (identifier_id,registry_object_key,value,type) values (8942,8943,'1027','Niden_ps');
insert into tbl_identifiers (identifier_id,registry_object_key,value,type) values (8943,8944,'1028','Niden_ps');
insert into tbl_identifiers (identifier_id,registry_object_key,value,type) values (8944,8945,'1029','Niden_ps');
insert into tbl_identifiers (identifier_id,registry_object_key,value,type) values (8945,8946,'1030','Niden_ps');
insert into tbl_identifiers (identifier_id,registry_object_key,value,type) values (8946,8947,'1031','Niden_ps');
insert into tbl_identifiers (identifier_id,registry_object_key,value,type) values (8947,8948,'1032','Niden_ps');
insert into tbl_identifiers (identifier_id,registry_object_key,value,type) values (8948,8949,'1033','Niden_ps');
insert into tbl_identifiers (identifier_id,registry_object_key,value,type) values (8949,8950,'1034','Niden_ps');
insert into tbl_identifiers (identifier_id,registry_object_key,value,type) values (8950,8951,'1036','Niden_ps');
insert into tbl_identifiers (identifier_id,registry_object_key,value,type) values (8951,8952,'1037','Niden_ps');
insert into tbl_identifiers (identifier_id,registry_object_key,value,type) values (8952,8953,'1038','Niden_ps');
insert into tbl_identifiers (identifier_id,registry_object_key,value,type) values (8953,8954,'1039','Niden_ps');
insert into tbl_identifiers (identifier_id,registry_object_key,value,type) values (8954,8955,'1040','Niden_ps');
insert into tbl_identifiers (identifier_id,registry_object_key,value,type) values (8955,8956,'1041','Niden_ps');
insert into tbl_identifiers (identifier_id,registry_object_key,value,type) values (8956,8957,'1042','Niden_ps');
insert into tbl_identifiers (identifier_id,registry_object_key,value,type) values (8957,8958,'1043','Niden_ps');
insert into tbl_identifiers (identifier_id,registry_object_key,value,type) values (8958,8959,'1044','Niden_ps');
insert into tbl_identifiers (identifier_id,registry_object_key,value,type) values (8959,8960,'1045','Niden_ps');
insert into tbl_identifiers (identifier_id,registry_object_key,value,type) values (8960,8961,'2200281','Niden');
insert into tbl_identifiers (identifier_id,registry_object_key,value,type) values (8961,8962,'3300044','Niden');
insert into tbl_identifiers (identifier_id,registry_object_key,value,type) values (8962,8963,'3300082','Niden');
insert into tbl_identifiers (identifier_id,registry_object_key,value,type) values (8963,8964,'3300142','Niden');
insert into tbl_identifiers (identifier_id,registry_object_key,value,type) values (8964,8965,'3300229','Niden');
insert into tbl_identifiers (identifier_id,registry_object_key,value,type) values (8965,8966,'3300235','Niden');
insert into tbl_identifiers (identifier_id,registry_object_key,value,type) values (8966,8967,'3300272','Niden');
insert into tbl_identifiers (identifier_id,registry_object_key,value,type) values (8967,8968,'3300538','Niden');
insert into tbl_identifiers (identifier_id,registry_object_key,value,type) values (8968,8969,'3300636','Niden');
insert into tbl_identifiers (identifier_id,registry_object_key,value,type) values (8969,8970,'3300692','Niden');
insert into tbl_identifiers (identifier_id,registry_object_key,value,type) values (8970,8971,'3301069','Niden');
insert into tbl_identifiers (identifier_id,registry_object_key,value,type) values (8971,8972,'3301748','Niden');
insert into tbl_identifiers (identifier_id,registry_object_key,value,type) values (8972,8973,'4400054','Niden');
insert into tbl_identifiers (identifier_id,registry_object_key,value,type) values (8973,8974,'5000598','Niden');
insert into tbl_identifiers (identifier_id,registry_object_key,value,type) values (8974,8975,'5001238','Niden');
insert into tbl_identifiers (identifier_id,registry_object_key,value,type) values (8975,8976,'UA3301826','Niden');

--tbl_subjects

insert into tbl_descriptions (description_id,registry_object_key,value,type,lang) values (1048,8911,'Desde 1981 hasta 2006 la denominación de esta biblioteca era Biblioteca de Garrapinillos','Observaciones',null);
insert into tbl_descriptions (description_id,registry_object_key,value,type,lang) values (1049,8914,'Desde 1982 hasta 2004 la denominación de esta biblioteca era Biblioteca de Santa Isabel','Observaciones',null);
insert into tbl_descriptions (description_id,registry_object_key,value,type,lang) values (1050,8915,'Desde 1982 hasta 2005 la denominación de la biblioteca era Biblioteca de La Cartuja','Observaciones',null);
insert into tbl_descriptions (description_id,registry_object_key,value,type,lang) values (1051,8917,'Desde 1981 hasta 2006 la denominación de la biblioteca era Biblioteca de Peñaflor','Observaciones',null);
insert into tbl_descriptions (description_id,registry_object_key,value,type,lang) values (1052,8925,'Desde 1981 hasta 2003 la denominación de la biblioteca era Biblioteca de Casablanca','Observaciones',null);
insert into tbl_descriptions (description_id,registry_object_key,value,type,lang) values (1053,8927,'Desde 1987 hasta 2007 la denominación de la biblioteca era Biblioteca de Valdefierro','Observaciones',null);
insert into tbl_descriptions (description_id,registry_object_key,value,type,lang) values (1054,8929,'Desde 1981 hasta 2006 la denominación de la biblioteca era Biblioteca de Miralbueno','Observaciones',null);
insert into tbl_descriptions (description_id,registry_object_key,value,type,lang) values (1055,8932,'Desde 1987 hasta 1996 la denominación de la biblioteca era Biblioteca Tío Jorge','Observaciones',null);
insert into tbl_descriptions (description_id,registry_object_key,value,type,lang) values (1056,8950,'Antiguo Niden 3300425','Observaciones',null);
insert into tbl_descriptions (description_id,registry_object_key,value,type,lang) values (1057,8951,'Antiguo Niden 3300446','Observaciones',null);
insert into tbl_descriptions (description_id,registry_object_key,value,type,lang) values (1058,8953,'Antiguo Niden 3300462','Observaciones',null);
insert into tbl_descriptions (description_id,registry_object_key,value,type,lang) values (1059,8954,'Antiguo Niden 3300478','Observaciones',null);
insert into tbl_descriptions (description_id,registry_object_key,value,type,lang) values (1060,8955,'Antiguo Niden 3300484','Observaciones',null);
insert into tbl_descriptions (description_id,registry_object_key,value,type,lang) values (1061,8971,'Antiguo Niden 3301069','Observaciones',null);

insert into tbl_complex_names (complex_name_id,registry_object_key,value,type,lang) values (8910,8911,null,null,null);
insert into tbl_complex_names (complex_name_id,registry_object_key,value,type,lang) values (8911,8912,null,null,null);
insert into tbl_complex_names (complex_name_id,registry_object_key,value,type,lang) values (8912,8913,null,null,null);
insert into tbl_complex_names (complex_name_id,registry_object_key,value,type,lang) values (8913,8914,null,null,null);
insert into tbl_complex_names (complex_name_id,registry_object_key,value,type,lang) values (8914,8915,null,null,null);
insert into tbl_complex_names (complex_name_id,registry_object_key,value,type,lang) values (8915,8916,null,null,null);
insert into tbl_complex_names (complex_name_id,registry_object_key,value,type,lang) values (8916,8917,null,null,null);
insert into tbl_complex_names (complex_name_id,registry_object_key,value,type,lang) values (8917,8918,null,null,null);
insert into tbl_complex_names (complex_name_id,registry_object_key,value,type,lang) values (8918,8919,null,null,null);
insert into tbl_complex_names (complex_name_id,registry_object_key,value,type,lang) values (8919,8920,null,null,null);
insert into tbl_complex_names (complex_name_id,registry_object_key,value,type,lang) values (8920,8921,null,null,null);
insert into tbl_complex_names (complex_name_id,registry_object_key,value,type,lang) values (8921,8922,null,null,null);
insert into tbl_complex_names (complex_name_id,registry_object_key,value,type,lang) values (8922,8923,null,null,null);
insert into tbl_complex_names (complex_name_id,registry_object_key,value,type,lang) values (8923,8924,null,null,null);
insert into tbl_complex_names (complex_name_id,registry_object_key,value,type,lang) values (8924,8925,null,null,null);
insert into tbl_complex_names (complex_name_id,registry_object_key,value,type,lang) values (8925,8926,null,null,null);
insert into tbl_complex_names (complex_name_id,registry_object_key,value,type,lang) values (8926,8927,null,null,null);
insert into tbl_complex_names (complex_name_id,registry_object_key,value,type,lang) values (8927,8928,null,null,null);
insert into tbl_complex_names (complex_name_id,registry_object_key,value,type,lang) values (8928,8929,null,null,null);
insert into tbl_complex_names (complex_name_id,registry_object_key,value,type,lang) values (8929,8930,null,null,null);
insert into tbl_complex_names (complex_name_id,registry_object_key,value,type,lang) values (8930,8931,null,null,null);
insert into tbl_complex_names (complex_name_id,registry_object_key,value,type,lang) values (8931,8932,null,null,null);
insert into tbl_complex_names (complex_name_id,registry_object_key,value,type,lang) values (8932,8933,null,null,null);
insert into tbl_complex_names (complex_name_id,registry_object_key,value,type,lang) values (8933,8934,null,null,null);
insert into tbl_complex_names (complex_name_id,registry_object_key,value,type,lang) values (8934,8935,null,null,null);
insert into tbl_complex_names (complex_name_id,registry_object_key,value,type,lang) values (8935,8936,null,null,null);
insert into tbl_complex_names (complex_name_id,registry_object_key,value,type,lang) values (8936,8937,null,null,null);
insert into tbl_complex_names (complex_name_id,registry_object_key,value,type,lang) values (8937,8938,null,null,null);
insert into tbl_complex_names (complex_name_id,registry_object_key,value,type,lang) values (8938,8939,null,null,null);
insert into tbl_complex_names (complex_name_id,registry_object_key,value,type,lang) values (8939,8940,null,null,null);
insert into tbl_complex_names (complex_name_id,registry_object_key,value,type,lang) values (8940,8941,null,null,null);
insert into tbl_complex_names (complex_name_id,registry_object_key,value,type,lang) values (8941,8942,null,null,null);
insert into tbl_complex_names (complex_name_id,registry_object_key,value,type,lang) values (8942,8943,null,null,null);
insert into tbl_complex_names (complex_name_id,registry_object_key,value,type,lang) values (8943,8944,null,null,null);
insert into tbl_complex_names (complex_name_id,registry_object_key,value,type,lang) values (8944,8945,null,null,null);
insert into tbl_complex_names (complex_name_id,registry_object_key,value,type,lang) values (8945,8946,null,null,null);
insert into tbl_complex_names (complex_name_id,registry_object_key,value,type,lang) values (8946,8947,null,null,null);
insert into tbl_complex_names (complex_name_id,registry_object_key,value,type,lang) values (8947,8948,null,null,null);
insert into tbl_complex_names (complex_name_id,registry_object_key,value,type,lang) values (8948,8949,null,null,null);
insert into tbl_complex_names (complex_name_id,registry_object_key,value,type,lang) values (8949,8950,null,null,null);
insert into tbl_complex_names (complex_name_id,registry_object_key,value,type,lang) values (8950,8951,null,null,null);
insert into tbl_complex_names (complex_name_id,registry_object_key,value,type,lang) values (8951,8952,null,null,null);
insert into tbl_complex_names (complex_name_id,registry_object_key,value,type,lang) values (8952,8953,null,null,null);
insert into tbl_complex_names (complex_name_id,registry_object_key,value,type,lang) values (8953,8954,null,null,null);
insert into tbl_complex_names (complex_name_id,registry_object_key,value,type,lang) values (8954,8955,null,null,null);
insert into tbl_complex_names (complex_name_id,registry_object_key,value,type,lang) values (8955,8956,null,null,null);
insert into tbl_complex_names (complex_name_id,registry_object_key,value,type,lang) values (8956,8957,null,null,null);
insert into tbl_complex_names (complex_name_id,registry_object_key,value,type,lang) values (8957,8958,null,null,null);
insert into tbl_complex_names (complex_name_id,registry_object_key,value,type,lang) values (8958,8959,null,null,null);
insert into tbl_complex_names (complex_name_id,registry_object_key,value,type,lang) values (8959,8960,null,null,null);
insert into tbl_complex_names (complex_name_id,registry_object_key,value,type,lang) values (8960,8961,null,null,null);
insert into tbl_complex_names (complex_name_id,registry_object_key,value,type,lang) values (8961,8962,null,null,null);
insert into tbl_complex_names (complex_name_id,registry_object_key,value,type,lang) values (8962,8963,null,null,null);
insert into tbl_complex_names (complex_name_id,registry_object_key,value,type,lang) values (8963,8964,null,null,null);
insert into tbl_complex_names (complex_name_id,registry_object_key,value,type,lang) values (8964,8965,null,null,null);
insert into tbl_complex_names (complex_name_id,registry_object_key,value,type,lang) values (8965,8966,null,null,null);
insert into tbl_complex_names (complex_name_id,registry_object_key,value,type,lang) values (8966,8967,null,null,null);
insert into tbl_complex_names (complex_name_id,registry_object_key,value,type,lang) values (8967,8968,null,null,null);
insert into tbl_complex_names (complex_name_id,registry_object_key,value,type,lang) values (8968,8969,null,null,null);
insert into tbl_complex_names (complex_name_id,registry_object_key,value,type,lang) values (8969,8970,null,null,null);
insert into tbl_complex_names (complex_name_id,registry_object_key,value,type,lang) values (8970,8971,null,null,null);
insert into tbl_complex_names (complex_name_id,registry_object_key,value,type,lang) values (8971,8972,null,null,null);
insert into tbl_complex_names (complex_name_id,registry_object_key,value,type,lang) values (8972,8973,null,null,null);
insert into tbl_complex_names (complex_name_id,registry_object_key,value,type,lang) values (8973,8974,null,null,null);
insert into tbl_complex_names (complex_name_id,registry_object_key,value,type,lang) values (8974,8975,null,null,null);
insert into tbl_complex_names (complex_name_id,registry_object_key,value,type,lang) values (8975,8976,null,null,null);

insert into tbl_name_parts (name_part_id,complex_name_id,value,type) values (8910,8910,'Biblioteca Pública Municipal de Zaragoza. José Ramón Arana (Garrapinillos)','Nombre');
insert into tbl_name_parts (name_part_id,complex_name_id,value,type) values (8911,8911,'Biblioteca Pública Municipal de Zaragoza. Ricardo Magdalena (Las Fuentes)','Nombre');
insert into tbl_name_parts (name_part_id,complex_name_id,value,type) values (8912,8912,'Biblioteca Pública Municipal de Zaragoza. Rafael Andolz (La Almozara)','Nombre');
insert into tbl_name_parts (name_part_id,complex_name_id,value,type) values (8913,8913,'Biblioteca Pública Municipal de Zaragoza. Inocencio Ruiz Lasala (Santa Isabel)','Nombre');
insert into tbl_name_parts (name_part_id,complex_name_id,value,type) values (8914,8914,'Biblioteca Pública Municipal de Zaragoza. Miguel Labordeta (La Cartuja)','Nombre');
insert into tbl_name_parts (name_part_id,complex_name_id,value,type) values (8915,8915,'Biblioteca Pública Municipal de Zaragoza. Casetas','Nombre');
insert into tbl_name_parts (name_part_id,complex_name_id,value,type) values (8916,8916,'Biblioteca Pública Municipal de Zaragoza. Rosendo Tello (Peñaflor)','Nombre');
insert into tbl_name_parts (name_part_id,complex_name_id,value,type) values (8917,8917,'Biblioteca Pública Municipal de Zaragoza. Benjamín Jarnés (Actur-Rey Fernando)','Nombre');
insert into tbl_name_parts (name_part_id,complex_name_id,value,type) values (8918,8918,'Biblioteca Pública Municipal de Zaragoza. Fernando Lázaro Carreter (Torrero)','Nombre');
insert into tbl_name_parts (name_part_id,complex_name_id,value,type) values (8919,8919,'Biblioteca Pública Municipal de Zaragoza. Monzalbarba','Nombre');
insert into tbl_name_parts (name_part_id,complex_name_id,value,type) values (8920,8920,'Biblioteca Pública Municipal de Zaragoza. Montañana','Nombre');
insert into tbl_name_parts (name_part_id,complex_name_id,value,type) values (8921,8921,'Biblioteca Pública Municipal de Zaragoza. Santa Orosia (Delicias)','Nombre');
insert into tbl_name_parts (name_part_id,complex_name_id,value,type) values (8922,8922,'Biblioteca Pública Municipal de Zaragoza. Miguel de Cervantes (Universidad)','Nombre');
insert into tbl_name_parts (name_part_id,complex_name_id,value,type) values (8923,8923,'Biblioteca Pública Municipal de Zaragoza. Vientos del pueblo (Oliver)','Nombre');
insert into tbl_name_parts (name_part_id,complex_name_id,value,type) values (8924,8924,'Biblioteca Pública Municipal de Zaragoza. Jesús María Alemany Briz (Casablanca)','Nombre');
insert into tbl_name_parts (name_part_id,complex_name_id,value,type) values (8925,8925,'Biblioteca Pública Municipal de Zaragoza. Manuel Alvar (Delicias)','Nombre');
insert into tbl_name_parts (name_part_id,complex_name_id,value,type) values (8926,8926,'Biblioteca Pública Municipal de Zaragoza. Luis del Val (Valdefierro)','Nombre');
insert into tbl_name_parts (name_part_id,complex_name_id,value,type) values (8927,8927,'Biblioteca Pública Municipal de Zaragoza. San Juan de Mozarrifar','Nombre');
insert into tbl_name_parts (name_part_id,complex_name_id,value,type) values (8928,8928,'Biblioteca Pública Municipal de Zaragoza. Soledad Puértolas (Miralbueno)','Nombre');
insert into tbl_name_parts (name_part_id,complex_name_id,value,type) values (8929,8929,'Biblioteca Pública Municipal de Zaragoza. Movera','Nombre');
insert into tbl_name_parts (name_part_id,complex_name_id,value,type) values (8930,8930,'Biblioteca Pública Municipal de Zaragoza. José Antonio Rey del Corral (San José)','Nombre');
insert into tbl_name_parts (name_part_id,complex_name_id,value,type) values (8931,8931,'Biblioteca Pública Municipal de Zaragoza. Javier Tomeo (El Rabal)','Nombre');
insert into tbl_name_parts (name_part_id,complex_name_id,value,type) values (8932,8932,'Biblioteca Pública Municipal de Zaragoza. María Moliner (Casco Histórico)','Nombre');
insert into tbl_name_parts (name_part_id,complex_name_id,value,type) values (8933,8933,'Biblioteca Pública Municipal de Litera de Fraga','Nombre');
insert into tbl_name_parts (name_part_id,complex_name_id,value,type) values (8934,8934,'Biblioteca Pública Municipal de Miralsot-Fraga','Nombre');
insert into tbl_name_parts (name_part_id,complex_name_id,value,type) values (8935,8935,'Biblioteca Pública Municipal de Alcañiz','Nombre');
insert into tbl_name_parts (name_part_id,complex_name_id,value,type) values (8936,8936,'Biblioteca Pública Municipal de Puigmoreno','Nombre');
insert into tbl_name_parts (name_part_id,complex_name_id,value,type) values (8937,8937,'Biblioteca Infantil Gianni Rodari','Nombre');
insert into tbl_name_parts (name_part_id,complex_name_id,value,type) values (8938,8938,'Biblioteca Pública de Sancho Abarca','Nombre');
insert into tbl_name_parts (name_part_id,complex_name_id,value,type) values (8939,8939,'Biblioteca Pública de Santa Engracia','Nombre');
insert into tbl_name_parts (name_part_id,complex_name_id,value,type) values (8940,8940,'Biblioteca Pública Municipal de San Claudio','Nombre');
insert into tbl_name_parts (name_part_id,complex_name_id,value,type) values (8941,8941,'Biblioteca Pública Municipal de Cabañaquinta. Lorenzo Rodríguez-Castellano','Nombre');
insert into tbl_name_parts (name_part_id,complex_name_id,value,type) values (8942,8942,'Biblioteca Pública Municipal de Caborana. Jesús Barettini','Nombre');
insert into tbl_name_parts (name_part_id,complex_name_id,value,type) values (8943,8943,'Biblioteca Pública Municipal de La Luz','Nombre');
insert into tbl_name_parts (name_part_id,complex_name_id,value,type) values (8944,8944,'Biblioteca Pública Municipal de Carreña','Nombre');
insert into tbl_name_parts (name_part_id,complex_name_id,value,type) values (8945,8945,'Biblioteca Pública Municipal de Salinas. Álvarez Galán','Nombre');
insert into tbl_name_parts (name_part_id,complex_name_id,value,type) values (8946,8946,'Biblioteca Pública Municipal de Figueras. Miguel García Teijeiro','Nombre');
insert into tbl_name_parts (name_part_id,complex_name_id,value,type) values (8947,8947,'Biblioteca Pública Municipal de Cancienes','Nombre');
insert into tbl_name_parts (name_part_id,complex_name_id,value,type) values (8948,8948,'Biblioteca Pública Municipal de Los Canapés','Nombre');
insert into tbl_name_parts (name_part_id,complex_name_id,value,type) values (8949,8949,'Biblioteca Pública Municipal de Roces. Alfonso Camín','Nombre');
insert into tbl_name_parts (name_part_id,complex_name_id,value,type) values (8950,8950,'Biblioteca Pública Municipal de Pumarín - Gijón Sur','Nombre');
insert into tbl_name_parts (name_part_id,complex_name_id,value,type) values (8951,8951,'Biblioteca Pública Municipal de Montiana','Nombre');
insert into tbl_name_parts (name_part_id,complex_name_id,value,type) values (8952,8952,'Biblioteca Pública Municipal de El Coto','Nombre');
insert into tbl_name_parts (name_part_id,complex_name_id,value,type) values (8953,8953,'Biblioteca Pública Municipal de Contrueces','Nombre');
insert into tbl_name_parts (name_part_id,complex_name_id,value,type) values (8954,8954,'Biblioteca Pública Municipal de Vega - La Camocha','Nombre');
insert into tbl_name_parts (name_part_id,complex_name_id,value,type) values (8955,8955,'Biblioteca Pública Municipal de Sama. Escuelas Dorado','Nombre');
insert into tbl_name_parts (name_part_id,complex_name_id,value,type) values (8956,8956,'Biblioteca Pública Municipal de Barredos','Nombre');
insert into tbl_name_parts (name_part_id,complex_name_id,value,type) values (8957,8957,'Biblioteca Pública Municipal de El Condado','Nombre');
insert into tbl_name_parts (name_part_id,complex_name_id,value,type) values (8958,8958,'Biblioteca Pública Municipal de Vibaño','Nombre');
insert into tbl_name_parts (name_part_id,complex_name_id,value,type) values (8959,8959,'Biblioteca Pública Municipal de Turón','Nombre');
insert into tbl_name_parts (name_part_id,complex_name_id,value,type) values (8960,8960,'Biblioteca Pública Municipal de Fraga','Nombre');
insert into tbl_name_parts (name_part_id,complex_name_id,value,type) values (8961,8961,'Bibliotecas Públicas Municipales de Aller','Nombre');
insert into tbl_name_parts (name_part_id,complex_name_id,value,type) values (8962,8962,'Bibliotecas Públicas Municipales de Avilés','Nombre');
insert into tbl_name_parts (name_part_id,complex_name_id,value,type) values (8963,8963,'Bibliotecas Públicas Municipales de Cabrales','Nombre');
insert into tbl_name_parts (name_part_id,complex_name_id,value,type) values (8964,8964,'Bibliotecas Públicas Municipales de Castrillón','Nombre');
insert into tbl_name_parts (name_part_id,complex_name_id,value,type) values (8965,8965,'Bibliotecas Públicas Municipales de Castropol','Nombre');
insert into tbl_name_parts (name_part_id,complex_name_id,value,type) values (8966,8966,'Bibliotecas Públicas Municipales de Corvera de Asturias','Nombre');
insert into tbl_name_parts (name_part_id,complex_name_id,value,type) values (8967,8967,'Bibliotecas Públicas Municipales de Langreo','Nombre');
insert into tbl_name_parts (name_part_id,complex_name_id,value,type) values (8968,8968,'Bibliotecas Públicas Municipales de Llanes','Nombre');
insert into tbl_name_parts (name_part_id,complex_name_id,value,type) values (8969,8969,'Bibliotecas Públicas Municipales de Mieres','Nombre');
insert into tbl_name_parts (name_part_id,complex_name_id,value,type) values (8970,8970,'Bibliotecas Públicas Municipales de Oviedo','Nombre');
insert into tbl_name_parts (name_part_id,complex_name_id,value,type) values (8971,8971,'Bibliotecas Públicas Municipales de Laviana','Nombre');
insert into tbl_name_parts (name_part_id,complex_name_id,value,type) values (8972,8972,'Biblioteca Pública Municipal de Alcañiz','Nombre');
insert into tbl_name_parts (name_part_id,complex_name_id,value,type) values (8973,8973,'Biblioteca Pública Municipal de Tauste. Ramón J. Sender','Nombre');
insert into tbl_name_parts (name_part_id,complex_name_id,value,type) values (8974,8974,'Bibliotecas Públicas Municipales de Zaragoza. Patronato Municipal de Educación y Bibliotecas','Nombre');
insert into tbl_name_parts (name_part_id,complex_name_id,value,type) values (8975,8975,'Bibliotecas Públicas Municipales de Gijón','Nombre');

--tbl_related_info

insert into tbl_locations (location_id,registry_object_key) values (8910,8911);
insert into tbl_locations (location_id,registry_object_key) values (8911,8912);
insert into tbl_locations (location_id,registry_object_key) values (8912,8913);
insert into tbl_locations (location_id,registry_object_key) values (8913,8914);
insert into tbl_locations (location_id,registry_object_key) values (8914,8915);
insert into tbl_locations (location_id,registry_object_key) values (8915,8916);
insert into tbl_locations (location_id,registry_object_key) values (8916,8917);
insert into tbl_locations (location_id,registry_object_key) values (8917,8918);
insert into tbl_locations (location_id,registry_object_key) values (8918,8919);
insert into tbl_locations (location_id,registry_object_key) values (8919,8920);
insert into tbl_locations (location_id,registry_object_key) values (8920,8921);
insert into tbl_locations (location_id,registry_object_key) values (8921,8922);
insert into tbl_locations (location_id,registry_object_key) values (8922,8923);
insert into tbl_locations (location_id,registry_object_key) values (8923,8924);
insert into tbl_locations (location_id,registry_object_key) values (8924,8925);
insert into tbl_locations (location_id,registry_object_key) values (8925,8926);
insert into tbl_locations (location_id,registry_object_key) values (8926,8927);
insert into tbl_locations (location_id,registry_object_key) values (8927,8928);
insert into tbl_locations (location_id,registry_object_key) values (8928,8929);
insert into tbl_locations (location_id,registry_object_key) values (8929,8930);
insert into tbl_locations (location_id,registry_object_key) values (8930,8931);
insert into tbl_locations (location_id,registry_object_key) values (8931,8932);
insert into tbl_locations (location_id,registry_object_key) values (8932,8933);
insert into tbl_locations (location_id,registry_object_key) values (8933,8934);
insert into tbl_locations (location_id,registry_object_key) values (8934,8935);
insert into tbl_locations (location_id,registry_object_key) values (8935,8936);
insert into tbl_locations (location_id,registry_object_key) values (8936,8937);
insert into tbl_locations (location_id,registry_object_key) values (8937,8938);
insert into tbl_locations (location_id,registry_object_key) values (8938,8939);
insert into tbl_locations (location_id,registry_object_key) values (8939,8940);
insert into tbl_locations (location_id,registry_object_key) values (8940,8941);
insert into tbl_locations (location_id,registry_object_key) values (8941,8942);
insert into tbl_locations (location_id,registry_object_key) values (8942,8943);
insert into tbl_locations (location_id,registry_object_key) values (8943,8944);
insert into tbl_locations (location_id,registry_object_key) values (8944,8945);
insert into tbl_locations (location_id,registry_object_key) values (8945,8946);
insert into tbl_locations (location_id,registry_object_key) values (8946,8947);
insert into tbl_locations (location_id,registry_object_key) values (8947,8948);
insert into tbl_locations (location_id,registry_object_key) values (8948,8949);
insert into tbl_locations (location_id,registry_object_key) values (8949,8950);
insert into tbl_locations (location_id,registry_object_key) values (8950,8951);
insert into tbl_locations (location_id,registry_object_key) values (8951,8952);
insert into tbl_locations (location_id,registry_object_key) values (8952,8953);
insert into tbl_locations (location_id,registry_object_key) values (8953,8954);
insert into tbl_locations (location_id,registry_object_key) values (8954,8955);
insert into tbl_locations (location_id,registry_object_key) values (8955,8956);
insert into tbl_locations (location_id,registry_object_key) values (8956,8957);
insert into tbl_locations (location_id,registry_object_key) values (8957,8958);
insert into tbl_locations (location_id,registry_object_key) values (8958,8959);
insert into tbl_locations (location_id,registry_object_key) values (8959,8960);
insert into tbl_locations (location_id,registry_object_key) values (8960,8961);
insert into tbl_locations (location_id,registry_object_key) values (8961,8962);
insert into tbl_locations (location_id,registry_object_key) values (8962,8963);
insert into tbl_locations (location_id,registry_object_key) values (8963,8964);
insert into tbl_locations (location_id,registry_object_key) values (8964,8965);
insert into tbl_locations (location_id,registry_object_key) values (8965,8966);
insert into tbl_locations (location_id,registry_object_key) values (8966,8967);
insert into tbl_locations (location_id,registry_object_key) values (8967,8968);
insert into tbl_locations (location_id,registry_object_key) values (8968,8969);
insert into tbl_locations (location_id,registry_object_key) values (8969,8970);
insert into tbl_locations (location_id,registry_object_key) values (8970,8971);
insert into tbl_locations (location_id,registry_object_key) values (8971,8972);
insert into tbl_locations (location_id,registry_object_key) values (8972,8973);
insert into tbl_locations (location_id,registry_object_key) values (8973,8974);
insert into tbl_locations (location_id,registry_object_key) values (8974,8975);
insert into tbl_locations (location_id,registry_object_key) values (8975,8976);

--tbl_spatial_locations

insert into tbl_address_locations (address_location_id,location_id) values (8910,8910);
insert into tbl_address_locations (address_location_id,location_id) values (8911,8911);
insert into tbl_address_locations (address_location_id,location_id) values (8912,8912);
insert into tbl_address_locations (address_location_id,location_id) values (8913,8913);
insert into tbl_address_locations (address_location_id,location_id) values (8914,8914);
insert into tbl_address_locations (address_location_id,location_id) values (8915,8915);
insert into tbl_address_locations (address_location_id,location_id) values (8916,8916);
insert into tbl_address_locations (address_location_id,location_id) values (8917,8917);
insert into tbl_address_locations (address_location_id,location_id) values (8918,8918);
insert into tbl_address_locations (address_location_id,location_id) values (8919,8919);
insert into tbl_address_locations (address_location_id,location_id) values (8920,8920);
insert into tbl_address_locations (address_location_id,location_id) values (8921,8921);
insert into tbl_address_locations (address_location_id,location_id) values (8922,8922);
insert into tbl_address_locations (address_location_id,location_id) values (8923,8923);
insert into tbl_address_locations (address_location_id,location_id) values (8924,8924);
insert into tbl_address_locations (address_location_id,location_id) values (8925,8925);
insert into tbl_address_locations (address_location_id,location_id) values (8926,8926);
insert into tbl_address_locations (address_location_id,location_id) values (8927,8927);
insert into tbl_address_locations (address_location_id,location_id) values (8928,8928);
insert into tbl_address_locations (address_location_id,location_id) values (8929,8929);
insert into tbl_address_locations (address_location_id,location_id) values (8930,8930);
insert into tbl_address_locations (address_location_id,location_id) values (8931,8931);
insert into tbl_address_locations (address_location_id,location_id) values (8932,8932);
insert into tbl_address_locations (address_location_id,location_id) values (8933,8933);
insert into tbl_address_locations (address_location_id,location_id) values (8934,8934);
insert into tbl_address_locations (address_location_id,location_id) values (8935,8935);
insert into tbl_address_locations (address_location_id,location_id) values (8936,8936);
insert into tbl_address_locations (address_location_id,location_id) values (8937,8937);
insert into tbl_address_locations (address_location_id,location_id) values (8938,8938);
insert into tbl_address_locations (address_location_id,location_id) values (8939,8939);
insert into tbl_address_locations (address_location_id,location_id) values (8940,8940);
insert into tbl_address_locations (address_location_id,location_id) values (8941,8941);
insert into tbl_address_locations (address_location_id,location_id) values (8942,8942);
insert into tbl_address_locations (address_location_id,location_id) values (8943,8943);
insert into tbl_address_locations (address_location_id,location_id) values (8944,8944);
insert into tbl_address_locations (address_location_id,location_id) values (8945,8945);
insert into tbl_address_locations (address_location_id,location_id) values (8946,8946);
insert into tbl_address_locations (address_location_id,location_id) values (8947,8947);
insert into tbl_address_locations (address_location_id,location_id) values (8948,8948);
insert into tbl_address_locations (address_location_id,location_id) values (8949,8949);
insert into tbl_address_locations (address_location_id,location_id) values (8950,8950);
insert into tbl_address_locations (address_location_id,location_id) values (8951,8951);
insert into tbl_address_locations (address_location_id,location_id) values (8952,8952);
insert into tbl_address_locations (address_location_id,location_id) values (8953,8953);
insert into tbl_address_locations (address_location_id,location_id) values (8954,8954);
insert into tbl_address_locations (address_location_id,location_id) values (8955,8955);
insert into tbl_address_locations (address_location_id,location_id) values (8956,8956);
insert into tbl_address_locations (address_location_id,location_id) values (8957,8957);
insert into tbl_address_locations (address_location_id,location_id) values (8958,8958);
insert into tbl_address_locations (address_location_id,location_id) values (8959,8959);
insert into tbl_address_locations (address_location_id,location_id) values (8960,8960);
insert into tbl_address_locations (address_location_id,location_id) values (8961,8961);
insert into tbl_address_locations (address_location_id,location_id) values (8962,8962);
insert into tbl_address_locations (address_location_id,location_id) values (8963,8963);
insert into tbl_address_locations (address_location_id,location_id) values (8964,8964);
insert into tbl_address_locations (address_location_id,location_id) values (8965,8965);
insert into tbl_address_locations (address_location_id,location_id) values (8966,8966);
insert into tbl_address_locations (address_location_id,location_id) values (8967,8967);
insert into tbl_address_locations (address_location_id,location_id) values (8968,8968);
insert into tbl_address_locations (address_location_id,location_id) values (8969,8969);
insert into tbl_address_locations (address_location_id,location_id) values (8970,8970);
insert into tbl_address_locations (address_location_id,location_id) values (8971,8971);
insert into tbl_address_locations (address_location_id,location_id) values (8972,8972);
insert into tbl_address_locations (address_location_id,location_id) values (8973,8973);
insert into tbl_address_locations (address_location_id,location_id) values (8974,8974);
insert into tbl_address_locations (address_location_id,location_id) values (8975,8975);

insert into tbl_electronic_addresses (electronic_address_id,address_location_id,value,type) values (26817,8910,'976 30 32 43','Teléfono');
insert into tbl_electronic_addresses (electronic_address_id,address_location_id,value,type) values (26818,8911,'976 72 40 37','Teléfono');
insert into tbl_electronic_addresses (electronic_address_id,address_location_id,value,type) values (26819,8912,'976 40 46 96','Teléfono');
insert into tbl_electronic_addresses (electronic_address_id,address_location_id,value,type) values (26820,8913,'976 57 23 07','Teléfono');
insert into tbl_electronic_addresses (electronic_address_id,address_location_id,value,type) values (26821,8914,'976 50 13 04','Teléfono');
insert into tbl_electronic_addresses (electronic_address_id,address_location_id,value,type) values (26822,8915,'976 77 03 08','Teléfono');
insert into tbl_electronic_addresses (electronic_address_id,address_location_id,value,type) values (26823,8916,'976 15 43 31','Teléfono');
insert into tbl_electronic_addresses (electronic_address_id,address_location_id,value,type) values (26824,8917,'976 50 66 00','Teléfono');
insert into tbl_electronic_addresses (electronic_address_id,address_location_id,value,type) values (26825,8918,'976 25 91 55','Teléfono');
insert into tbl_electronic_addresses (electronic_address_id,address_location_id,value,type) values (26826,8919,'976 77 28 93','Teléfono');
insert into tbl_electronic_addresses (electronic_address_id,address_location_id,value,type) values (26827,8920,'976 57 65 00','Teléfono');
insert into tbl_electronic_addresses (electronic_address_id,address_location_id,value,type) values (26828,8921,'976 72 10 61','Teléfono');
insert into tbl_electronic_addresses (electronic_address_id,address_location_id,value,type) values (26829,8922,'976 55 32 34','Teléfono');
insert into tbl_electronic_addresses (electronic_address_id,address_location_id,value,type) values (26830,8923,'976 53 58 13','Teléfono');
insert into tbl_electronic_addresses (electronic_address_id,address_location_id,value,type) values (26831,8924,'976 55 28 05','Teléfono');
insert into tbl_electronic_addresses (electronic_address_id,address_location_id,value,type) values (26832,8925,'976 48 84 33','Teléfono');
insert into tbl_electronic_addresses (electronic_address_id,address_location_id,value,type) values (26833,8926,'976 75 38 08','Teléfono');
insert into tbl_electronic_addresses (electronic_address_id,address_location_id,value,type) values (26834,8927,'976 15 01 51','Teléfono');
insert into tbl_electronic_addresses (electronic_address_id,address_location_id,value,type) values (26835,8928,'976 53 88 20','Teléfono');
insert into tbl_electronic_addresses (electronic_address_id,address_location_id,value,type) values (26836,8929,'976 58 64 54','Teléfono');
insert into tbl_electronic_addresses (electronic_address_id,address_location_id,value,type) values (26837,8930,'976 49 68 68','Teléfono');
insert into tbl_electronic_addresses (electronic_address_id,address_location_id,value,type) values (26838,8931,'976 51 64 53','Teléfono');
insert into tbl_electronic_addresses (electronic_address_id,address_location_id,value,type) values (26839,8932,'976 20 21 56','Teléfono');
insert into tbl_electronic_addresses (electronic_address_id,address_location_id,value,type) values (26840,8935,'978 87 05 65 Ext. 233','Teléfono');
insert into tbl_electronic_addresses (electronic_address_id,address_location_id,value,type) values (26841,8936,'978 87 05 65','Teléfono');
insert into tbl_electronic_addresses (electronic_address_id,address_location_id,value,type) values (26842,8937,'974 47 04 36','Teléfono');
insert into tbl_electronic_addresses (electronic_address_id,address_location_id,value,type) values (26843,8938,'976 85 42 63','Teléfono');
insert into tbl_electronic_addresses (electronic_address_id,address_location_id,value,type) values (26844,8940,'985 78 06 84','Teléfono');
insert into tbl_electronic_addresses (electronic_address_id,address_location_id,value,type) values (26845,8941,'985 49 41 07','Teléfono');
insert into tbl_electronic_addresses (electronic_address_id,address_location_id,value,type) values (26846,8942,'985 48 20 28','Teléfono');
insert into tbl_electronic_addresses (electronic_address_id,address_location_id,value,type) values (26847,8943,'985 57 93 52','Teléfono');
insert into tbl_electronic_addresses (electronic_address_id,address_location_id,value,type) values (26848,8944,'985 84 50 21','Teléfono');
insert into tbl_electronic_addresses (electronic_address_id,address_location_id,value,type) values (26849,8945,'985 50 01 85','Teléfono');
insert into tbl_electronic_addresses (electronic_address_id,address_location_id,value,type) values (26850,8946,'985 63 62 02','Teléfono');
insert into tbl_electronic_addresses (electronic_address_id,address_location_id,value,type) values (26851,8947,'985 51 82 08','Teléfono');
insert into tbl_electronic_addresses (electronic_address_id,address_location_id,value,type) values (26852,8948,'985 51 14 09','Teléfono');
insert into tbl_electronic_addresses (electronic_address_id,address_location_id,value,type) values (26853,8949,'985 18 16 92','Teléfono');
insert into tbl_electronic_addresses (electronic_address_id,address_location_id,value,type) values (26854,8950,'985 18 16 61','Teléfono');
insert into tbl_electronic_addresses (electronic_address_id,address_location_id,value,type) values (26855,8951,'985 30 00 30','Teléfono');
insert into tbl_electronic_addresses (electronic_address_id,address_location_id,value,type) values (26856,8952,'985 18 17 33','Teléfono');
insert into tbl_electronic_addresses (electronic_address_id,address_location_id,value,type) values (26857,8953,'985 18 51 14','Teléfono');
insert into tbl_electronic_addresses (electronic_address_id,address_location_id,value,type) values (26858,8954,'985 13 76 86','Teléfono');
insert into tbl_electronic_addresses (electronic_address_id,address_location_id,value,type) values (26859,8955,'985 67 81 58','Teléfono');
insert into tbl_electronic_addresses (electronic_address_id,address_location_id,value,type) values (26860,8956,'985 60 26 75','Teléfono');
insert into tbl_electronic_addresses (electronic_address_id,address_location_id,value,type) values (26861,8957,'985 61 40 79','Teléfono');
insert into tbl_electronic_addresses (electronic_address_id,address_location_id,value,type) values (26862,8958,'985 40 60 41','Teléfono');
insert into tbl_electronic_addresses (electronic_address_id,address_location_id,value,type) values (26863,8959,'985 43 27 10','Teléfono');
insert into tbl_electronic_addresses (electronic_address_id,address_location_id,value,type) values (26864,8948,'985 51 17 10','Teléfono');
insert into tbl_electronic_addresses (electronic_address_id,address_location_id,value,type) values (26865,8958,'985 40 72 61','Teléfono');
insert into tbl_electronic_addresses (electronic_address_id,address_location_id,value,type) values (26866,8911,'976 59 78 50','Fax');
insert into tbl_electronic_addresses (electronic_address_id,address_location_id,value,type) values (26867,8917,'976 50 66 01','Fax');
insert into tbl_electronic_addresses (electronic_address_id,address_location_id,value,type) values (26868,8935,'978 87 00 33','Fax');
insert into tbl_electronic_addresses (electronic_address_id,address_location_id,value,type) values (26869,8936,'978 87 00 33','Fax');
insert into tbl_electronic_addresses (electronic_address_id,address_location_id,value,type) values (26870,8955,'985 69 86 29','Fax');
insert into tbl_electronic_addresses (electronic_address_id,address_location_id,value,type) values (26871,8910,'bibliotecas-garrapinillos@zaragoza.es','email');
insert into tbl_electronic_addresses (electronic_address_id,address_location_id,value,type) values (26872,8911,'bibliotecas-rmagdalena@zaragoza.es','email');
insert into tbl_electronic_addresses (electronic_address_id,address_location_id,value,type) values (26873,8912,'bibliotecas-randolz@zaragoza.es','email');
insert into tbl_electronic_addresses (electronic_address_id,address_location_id,value,type) values (26874,8913,'bibliotecas-santaisabel@zaragoza.es','email');
insert into tbl_electronic_addresses (electronic_address_id,address_location_id,value,type) values (26875,8914,'bibliotecas-cartujabaja@zaragoza.es','email');
insert into tbl_electronic_addresses (electronic_address_id,address_location_id,value,type) values (26876,8915,'bibliotecas-casetas@zaragoza.es','email');
insert into tbl_electronic_addresses (electronic_address_id,address_location_id,value,type) values (26877,8916,'bibliotecas-penaflor@zaragoza.es','email');
insert into tbl_electronic_addresses (electronic_address_id,address_location_id,value,type) values (26878,8917,'bibliotecas-bjarnes@zaragoza.es','email');
insert into tbl_electronic_addresses (electronic_address_id,address_location_id,value,type) values (26879,8918,'bibliotecas-flcarreter@zaragoza.es','email');
insert into tbl_electronic_addresses (electronic_address_id,address_location_id,value,type) values (26880,8919,'bibliotecas-monzalbarba@zaragoza.es','email');
insert into tbl_electronic_addresses (electronic_address_id,address_location_id,value,type) values (26881,8920,'bibliotecas-montanana@zaragoza.es','email');
insert into tbl_electronic_addresses (electronic_address_id,address_location_id,value,type) values (26882,8921,'bibliotecas-staorosia@zaragoza.es','email');
insert into tbl_electronic_addresses (electronic_address_id,address_location_id,value,type) values (26883,8922,'bibliotecas-cervantes@zaragoza.es','email');
insert into tbl_electronic_addresses (electronic_address_id,address_location_id,value,type) values (26884,8923,'bibliotecas-oliver@zaragoza.es','email');
insert into tbl_electronic_addresses (electronic_address_id,address_location_id,value,type) values (26885,8924,'bibliotecas-casablanca@zaragoza.es','email');
insert into tbl_electronic_addresses (electronic_address_id,address_location_id,value,type) values (26886,8925,'bibliotecas-malvar@zaragoza.es','email');
insert into tbl_electronic_addresses (electronic_address_id,address_location_id,value,type) values (26887,8926,'bibliotecas-valdefierro@zaragoza.es','email');
insert into tbl_electronic_addresses (electronic_address_id,address_location_id,value,type) values (26888,8927,'bibliotecas-sanjuan@zaragoza.es','email');
insert into tbl_electronic_addresses (electronic_address_id,address_location_id,value,type) values (26889,8928,'bibliotecas-miralbueno@zaragoza.es','email');
insert into tbl_electronic_addresses (electronic_address_id,address_location_id,value,type) values (26890,8929,'bibliotecas-movera@zaragoza.es','email');
insert into tbl_electronic_addresses (electronic_address_id,address_location_id,value,type) values (26891,8930,'bibliotecas-reydelcorral@zaragoza.es','email');
insert into tbl_electronic_addresses (electronic_address_id,address_location_id,value,type) values (26892,8931,'bibliotecas-jtomeo@zaragoza.es','email');
insert into tbl_electronic_addresses (electronic_address_id,address_location_id,value,type) values (26893,8932,'bibliotecas-mmoliner@zaragoza.es','email');
insert into tbl_electronic_addresses (electronic_address_id,address_location_id,value,type) values (26894,8933,'biblioteca_litera@fraga.org','email');
insert into tbl_electronic_addresses (electronic_address_id,address_location_id,value,type) values (26895,8934,'biblioteca_mirasol@fraga.org','email');
insert into tbl_electronic_addresses (electronic_address_id,address_location_id,value,type) values (26896,8935,'biblioteca@alcaniz.es','email');
insert into tbl_electronic_addresses (electronic_address_id,address_location_id,value,type) values (26897,8936,'bib-puigmoreno@alcaniz.es','email');
insert into tbl_electronic_addresses (electronic_address_id,address_location_id,value,type) values (26898,8937,'biblioteca_infantil@fraga.org','email');
insert into tbl_electronic_addresses (electronic_address_id,address_location_id,value,type) values (26899,8939,'santaengracia@dpz.es','email');
insert into tbl_electronic_addresses (electronic_address_id,address_location_id,value,type) values (26900,8940,'biblio-scl@ayto-oviedo.es','email');
insert into tbl_electronic_addresses (electronic_address_id,address_location_id,value,type) values (26901,8941,'biblioteca.cabanaquinta@aller.es','email');
insert into tbl_electronic_addresses (electronic_address_id,address_location_id,value,type) values (26902,8942,'biblioteca.caborana@aller.es','email');
insert into tbl_electronic_addresses (electronic_address_id,address_location_id,value,type) values (26903,8943,'bibliotecalaluz@ayto-aviles.es','email');
insert into tbl_electronic_addresses (electronic_address_id,address_location_id,value,type) values (26904,8945,'biblio_salinas@ayto-castrillon.es','email');
insert into tbl_electronic_addresses (electronic_address_id,address_location_id,value,type) values (26905,8946,'bibliofigueras@castropol.es','email');
insert into tbl_electronic_addresses (electronic_address_id,address_location_id,value,type) values (26906,8947,'biblio-cancienes@ayto-corvera.es','email');
insert into tbl_electronic_addresses (electronic_address_id,address_location_id,value,type) values (26907,8948,'bibliotecacanapes@ayto-aviles.es','email');
insert into tbl_electronic_addresses (electronic_address_id,address_location_id,value,type) values (26908,8949,'bibliotecaroces@gijon.es','email');
insert into tbl_electronic_addresses (electronic_address_id,address_location_id,value,type) values (26909,8950,'bibliotecagijonsur@gijon.es','email');
insert into tbl_electronic_addresses (electronic_address_id,address_location_id,value,type) values (26910,8951,'bibliotecamontiana@gijon.es','email');
insert into tbl_electronic_addresses (electronic_address_id,address_location_id,value,type) values (26911,8952,'bibliotecacoto@gijon.es','email');
insert into tbl_electronic_addresses (electronic_address_id,address_location_id,value,type) values (26912,8953,'bibliotecacontrueces@gijon.es','email');
insert into tbl_electronic_addresses (electronic_address_id,address_location_id,value,type) values (26913,8954,'bibliotecacamocha@gijón.es','email');
insert into tbl_electronic_addresses (electronic_address_id,address_location_id,value,type) values (26914,8955,'biblioteca_sama@ayto-langreo.es','email');
insert into tbl_electronic_addresses (electronic_address_id,address_location_id,value,type) values (26915,8956,'bibbarredos@ayto-laviana.es','email');
insert into tbl_electronic_addresses (electronic_address_id,address_location_id,value,type) values (26916,8957,'bibcondado@ayto-laviana.es','email');
insert into tbl_electronic_addresses (electronic_address_id,address_location_id,value,type) values (26917,8958,'dolores_ojeda@hotmail.com','email');
insert into tbl_electronic_addresses (electronic_address_id,address_location_id,value,type) values (26918,8959,'biblioturon@ayto-mieres.es','email');
insert into tbl_electronic_addresses (electronic_address_id,address_location_id,value,type) values (26919,8910,'http://bibliotecas-municipales.zaragoza.es/','url');
insert into tbl_electronic_addresses (electronic_address_id,address_location_id,value,type) values (26920,8911,'http://bibliotecas-municipales.zaragoza.es/','url');
insert into tbl_electronic_addresses (electronic_address_id,address_location_id,value,type) values (26921,8912,'http://bibliotecas-municipales.zaragoza.es/','url');
insert into tbl_electronic_addresses (electronic_address_id,address_location_id,value,type) values (26922,8913,'http://bibliotecas-municipales.zaragoza.es/','url');
insert into tbl_electronic_addresses (electronic_address_id,address_location_id,value,type) values (26923,8914,'http://bibliotecas-municipales.zaragoza.es/','url');
insert into tbl_electronic_addresses (electronic_address_id,address_location_id,value,type) values (26924,8915,'http://bibliotecas-municipales.zaragoza.es/','url');
insert into tbl_electronic_addresses (electronic_address_id,address_location_id,value,type) values (26925,8916,'http://bibliotecas-municipales.zaragoza.es/','url');
insert into tbl_electronic_addresses (electronic_address_id,address_location_id,value,type) values (26926,8917,'http://bibliotecas-municipales.zaragoza.es/','url');
insert into tbl_electronic_addresses (electronic_address_id,address_location_id,value,type) values (26927,8918,'http://bibliotecas-municipales.zaragoza.es/','url');
insert into tbl_electronic_addresses (electronic_address_id,address_location_id,value,type) values (26928,8919,'http://bibliotecas-municipales.zaragoza.es/','url');
insert into tbl_electronic_addresses (electronic_address_id,address_location_id,value,type) values (26929,8920,'http://bibliotecas-municipales.zaragoza.es/','url');
insert into tbl_electronic_addresses (electronic_address_id,address_location_id,value,type) values (26930,8921,'http://bibliotecas-municipales.zaragoza.es/','url');
insert into tbl_electronic_addresses (electronic_address_id,address_location_id,value,type) values (26931,8922,'http://bibliotecas-municipales.zaragoza.es/','url');
insert into tbl_electronic_addresses (electronic_address_id,address_location_id,value,type) values (26932,8923,'http://bibliotecas-municipales.zaragoza.es/','url');
insert into tbl_electronic_addresses (electronic_address_id,address_location_id,value,type) values (26933,8924,'http://bibliotecas-municipales.zaragoza.es/','url');
insert into tbl_electronic_addresses (electronic_address_id,address_location_id,value,type) values (26934,8925,'http://bibliotecas-municipales.zaragoza.es/','url');
insert into tbl_electronic_addresses (electronic_address_id,address_location_id,value,type) values (26935,8926,'http://bibliotecas-municipales.zaragoza.es/','url');
insert into tbl_electronic_addresses (electronic_address_id,address_location_id,value,type) values (26936,8927,'http://bibliotecas-municipales.zaragoza.es/','url');
insert into tbl_electronic_addresses (electronic_address_id,address_location_id,value,type) values (26937,8928,'http://bibliotecas-municipales.zaragoza.es/','url');
insert into tbl_electronic_addresses (electronic_address_id,address_location_id,value,type) values (26938,8929,'http://bibliotecas-municipales.zaragoza.es/','url');
insert into tbl_electronic_addresses (electronic_address_id,address_location_id,value,type) values (26939,8930,'http://bibliotecas-municipales.zaragoza.es/','url');
insert into tbl_electronic_addresses (electronic_address_id,address_location_id,value,type) values (26940,8931,'http://bibliotecas-municipales.zaragoza.es/','url');
insert into tbl_electronic_addresses (electronic_address_id,address_location_id,value,type) values (26941,8932,'http://bibliotecas-municipales.zaragoza.es/','url');
insert into tbl_electronic_addresses (electronic_address_id,address_location_id,value,type) values (26942,8935,'http://www.alcaniz.es/index.php?option=com_content&view=article&id=187&Itemid=235','url');
insert into tbl_electronic_addresses (electronic_address_id,address_location_id,value,type) values (26943,8936,'http://www.alcaniz.es/index.php?option=com_content&view=article&id=187&Itemid=235','url');
insert into tbl_electronic_addresses (electronic_address_id,address_location_id,value,type) values (26944,8945,'http://www.bibliotecaspublicas.es/salinas/index.jsp','url');
insert into tbl_electronic_addresses (electronic_address_id,address_location_id,value,type) values (26945,8949,'http://bibliotecas.gijon.es/','url');
insert into tbl_electronic_addresses (electronic_address_id,address_location_id,value,type) values (26946,8950,'http://bibliotecas.gijon.es/','url');
insert into tbl_electronic_addresses (electronic_address_id,address_location_id,value,type) values (26947,8951,'http://bibliotecas.gijon.es/','url');
insert into tbl_electronic_addresses (electronic_address_id,address_location_id,value,type) values (26948,8952,'http://bibliotecas.gijon.es/','url');
insert into tbl_electronic_addresses (electronic_address_id,address_location_id,value,type) values (26949,8953,'http://bibliotecas.gijon.es/','url');
insert into tbl_electronic_addresses (electronic_address_id,address_location_id,value,type) values (26950,8954,'http://bibliotecas.gijon.es/','url');
insert into tbl_electronic_addresses (electronic_address_id,address_location_id,value,type) values (26951,8955,'http://www.bibliotecaspublicas.es/langreo/index.jsp','url');
insert into tbl_electronic_addresses (electronic_address_id,address_location_id,value,type) values (26952,8958,'http://www.bibliotecaspublicas.es/llanes/index.jsp','url');
insert into tbl_electronic_addresses (electronic_address_id,address_location_id,value,type) values (26953,8960,'974 47 34 20','Teléfono');
insert into tbl_electronic_addresses (electronic_address_id,address_location_id,value,type) values (26954,8961,'985 48 20 28','Teléfono');
insert into tbl_electronic_addresses (electronic_address_id,address_location_id,value,type) values (26955,8962,'985 51 04 39','Teléfono');
insert into tbl_electronic_addresses (electronic_address_id,address_location_id,value,type) values (26956,8963,'985 84 50 21','Teléfono');
insert into tbl_electronic_addresses (electronic_address_id,address_location_id,value,type) values (26957,8964,'985 53 31 75','Teléfono');
insert into tbl_electronic_addresses (electronic_address_id,address_location_id,value,type) values (26958,8965,'985 63 55 12','Teléfono');
insert into tbl_electronic_addresses (electronic_address_id,address_location_id,value,type) values (26959,8966,'985 57 06 44','Teléfono');
insert into tbl_electronic_addresses (electronic_address_id,address_location_id,value,type) values (26960,8967,'985 69 05 13','Teléfono');
insert into tbl_electronic_addresses (electronic_address_id,address_location_id,value,type) values (26961,8968,'985 40 01 74','Teléfono');
insert into tbl_electronic_addresses (electronic_address_id,address_location_id,value,type) values (26962,8969,'985 45 62 94','Teléfono');
insert into tbl_electronic_addresses (electronic_address_id,address_location_id,value,type) values (26963,8970,'985 98 18 00 Ext. 2415','Teléfono');
insert into tbl_electronic_addresses (electronic_address_id,address_location_id,value,type) values (26964,8971,'985 61 08 51','Teléfono');
insert into tbl_electronic_addresses (electronic_address_id,address_location_id,value,type) values (26965,8972,'978 87 05 65 Ext. 233','Teléfono');
insert into tbl_electronic_addresses (electronic_address_id,address_location_id,value,type) values (26966,8973,'976 85 49 50','Teléfono');
insert into tbl_electronic_addresses (electronic_address_id,address_location_id,value,type) values (26967,8974,'976 72 40 35','Teléfono');
insert into tbl_electronic_addresses (electronic_address_id,address_location_id,value,type) values (26968,8975,'985 18 10 62','Teléfono');
insert into tbl_electronic_addresses (electronic_address_id,address_location_id,value,type) values (26969,8962,'985 51 04 52','Teléfono');
insert into tbl_electronic_addresses (electronic_address_id,address_location_id,value,type) values (26970,8969,'985 45 06 66','Teléfono');
insert into tbl_electronic_addresses (electronic_address_id,address_location_id,value,type) values (26971,8973,'663 06 07 61','Teléfono');
insert into tbl_electronic_addresses (electronic_address_id,address_location_id,value,type) values (26972,8960,'974 47 30 81','Fax');
insert into tbl_electronic_addresses (electronic_address_id,address_location_id,value,type) values (26973,8962,'985 51 13 52','Fax');
insert into tbl_electronic_addresses (electronic_address_id,address_location_id,value,type) values (26974,8966,'985 57 58 56','Fax');
insert into tbl_electronic_addresses (electronic_address_id,address_location_id,value,type) values (26975,8969,'984 18 29 02','Fax');
insert into tbl_electronic_addresses (electronic_address_id,address_location_id,value,type) values (26976,8972,'978 87 00 33','Fax');
insert into tbl_electronic_addresses (electronic_address_id,address_location_id,value,type) values (26977,8973,'976 85 50 00','Fax');
insert into tbl_electronic_addresses (electronic_address_id,address_location_id,value,type) values (26978,8974,'976 59 78 50','Fax');
insert into tbl_electronic_addresses (electronic_address_id,address_location_id,value,type) values (26979,8960,'biblioteca@fraga.org','email');
insert into tbl_electronic_addresses (electronic_address_id,address_location_id,value,type) values (26980,8961,'biblioteca.moreda@aller.es','email');
insert into tbl_electronic_addresses (electronic_address_id,address_location_id,value,type) values (26981,8962,'m.delrosario.fernandezmontano@asturias.org','email');
insert into tbl_electronic_addresses (electronic_address_id,address_location_id,value,type) values (26982,8964,'biblio_pblancas@ayto-castrillon.es','email');
insert into tbl_electronic_addresses (electronic_address_id,address_location_id,value,type) values (26983,8965,'biblioteca@castropol.es','email');
insert into tbl_electronic_addresses (electronic_address_id,address_location_id,value,type) values (26984,8966,'biblio-lasvegas@ayto-corvera.es','email');
insert into tbl_electronic_addresses (electronic_address_id,address_location_id,value,type) values (26985,8967,'biblioteca_lafelguera@ayto-langreo.es','email');
insert into tbl_electronic_addresses (electronic_address_id,address_location_id,value,type) values (26986,8968,'crispenil@gmail.com','email');
insert into tbl_electronic_addresses (electronic_address_id,address_location_id,value,type) values (26987,8969,'biblioteca@ayto-mieres.es','email');
insert into tbl_electronic_addresses (electronic_address_id,address_location_id,value,type) values (26988,8970,'biblio-coordinadora@ayto-oviedo.es','email');
insert into tbl_electronic_addresses (electronic_address_id,address_location_id,value,type) values (26989,8971,'biblioteca@ayto-laviana.es','email');
insert into tbl_electronic_addresses (electronic_address_id,address_location_id,value,type) values (26990,8972,'biblioteca@alcaniz.es','email');
insert into tbl_electronic_addresses (electronic_address_id,address_location_id,value,type) values (26991,8973,'biblioteca.tauste@dpz.es','email');
insert into tbl_electronic_addresses (electronic_address_id,address_location_id,value,type) values (26992,8974,'bibliotecas@zaragoza.es','email');
insert into tbl_electronic_addresses (electronic_address_id,address_location_id,value,type) values (26993,8975,'bibliotecacentral@gijon.es','email');
insert into tbl_electronic_addresses (electronic_address_id,address_location_id,value,type) values (26994,8960,'http://www.redbibliotecasaragon.es','url');
insert into tbl_electronic_addresses (electronic_address_id,address_location_id,value,type) values (26995,8962,'http://www.bibliotecaspublicas.es/aviles','url');
insert into tbl_electronic_addresses (electronic_address_id,address_location_id,value,type) values (26996,8968,'http://www.bibliotecaspublicas.es/llanes/index.jsp','url');
insert into tbl_electronic_addresses (electronic_address_id,address_location_id,value,type) values (26997,8969,'http://www.bibliotecaspublicas.es/mieres/index.jsp','url');
insert into tbl_electronic_addresses (electronic_address_id,address_location_id,value,type) values (26998,8970,'http://www.ayto-oviedo.es/es/areasMunicipales/educacion/bibliotecas/bibliotecas.php','url');
insert into tbl_electronic_addresses (electronic_address_id,address_location_id,value,type) values (26999,8972,'http://www.alcaniz.es/index.php?option=com_content&view=article&id=187&Itemid=235','url');
insert into tbl_electronic_addresses (electronic_address_id,address_location_id,value,type) values (27000,8973,'http://www.redbibliotecasaragon.es','url');
insert into tbl_electronic_addresses (electronic_address_id,address_location_id,value,type) values (27001,8974,'http://bibliotecas-municipales.zaragoza.es','url');
insert into tbl_electronic_addresses (electronic_address_id,address_location_id,value,type) values (27002,8975,'http://bibliotecas.gijon.es/','url');

--tbl_electronic_address_args

insert into tbl_physical_addresses (physical_address_id,address_location_id,type,lang) values (8905,8910,null,null);
insert into tbl_physical_addresses (physical_address_id,address_location_id,type,lang) values (8906,8911,null,null);
insert into tbl_physical_addresses (physical_address_id,address_location_id,type,lang) values (8907,8912,null,null);
insert into tbl_physical_addresses (physical_address_id,address_location_id,type,lang) values (8908,8913,null,null);
insert into tbl_physical_addresses (physical_address_id,address_location_id,type,lang) values (8909,8914,null,null);
insert into tbl_physical_addresses (physical_address_id,address_location_id,type,lang) values (8910,8915,null,null);
insert into tbl_physical_addresses (physical_address_id,address_location_id,type,lang) values (8911,8916,null,null);
insert into tbl_physical_addresses (physical_address_id,address_location_id,type,lang) values (8912,8917,null,null);
insert into tbl_physical_addresses (physical_address_id,address_location_id,type,lang) values (8913,8918,null,null);
insert into tbl_physical_addresses (physical_address_id,address_location_id,type,lang) values (8914,8919,null,null);
insert into tbl_physical_addresses (physical_address_id,address_location_id,type,lang) values (8915,8920,null,null);
insert into tbl_physical_addresses (physical_address_id,address_location_id,type,lang) values (8916,8921,null,null);
insert into tbl_physical_addresses (physical_address_id,address_location_id,type,lang) values (8917,8922,null,null);
insert into tbl_physical_addresses (physical_address_id,address_location_id,type,lang) values (8918,8923,null,null);
insert into tbl_physical_addresses (physical_address_id,address_location_id,type,lang) values (8919,8924,null,null);
insert into tbl_physical_addresses (physical_address_id,address_location_id,type,lang) values (8920,8925,null,null);
insert into tbl_physical_addresses (physical_address_id,address_location_id,type,lang) values (8921,8926,null,null);
insert into tbl_physical_addresses (physical_address_id,address_location_id,type,lang) values (8922,8927,null,null);
insert into tbl_physical_addresses (physical_address_id,address_location_id,type,lang) values (8923,8928,null,null);
insert into tbl_physical_addresses (physical_address_id,address_location_id,type,lang) values (8924,8929,null,null);
insert into tbl_physical_addresses (physical_address_id,address_location_id,type,lang) values (8925,8930,null,null);
insert into tbl_physical_addresses (physical_address_id,address_location_id,type,lang) values (8926,8931,null,null);
insert into tbl_physical_addresses (physical_address_id,address_location_id,type,lang) values (8927,8932,null,null);
insert into tbl_physical_addresses (physical_address_id,address_location_id,type,lang) values (8928,8933,null,null);
insert into tbl_physical_addresses (physical_address_id,address_location_id,type,lang) values (8929,8934,null,null);
insert into tbl_physical_addresses (physical_address_id,address_location_id,type,lang) values (8930,8935,null,null);
insert into tbl_physical_addresses (physical_address_id,address_location_id,type,lang) values (8931,8936,null,null);
insert into tbl_physical_addresses (physical_address_id,address_location_id,type,lang) values (8932,8937,null,null);
insert into tbl_physical_addresses (physical_address_id,address_location_id,type,lang) values (8933,8938,null,null);
insert into tbl_physical_addresses (physical_address_id,address_location_id,type,lang) values (8934,8939,null,null);
insert into tbl_physical_addresses (physical_address_id,address_location_id,type,lang) values (8935,8940,null,null);
insert into tbl_physical_addresses (physical_address_id,address_location_id,type,lang) values (8936,8941,null,null);
insert into tbl_physical_addresses (physical_address_id,address_location_id,type,lang) values (8937,8942,null,null);
insert into tbl_physical_addresses (physical_address_id,address_location_id,type,lang) values (8938,8943,null,null);
insert into tbl_physical_addresses (physical_address_id,address_location_id,type,lang) values (8939,8944,null,null);
insert into tbl_physical_addresses (physical_address_id,address_location_id,type,lang) values (8940,8945,null,null);
insert into tbl_physical_addresses (physical_address_id,address_location_id,type,lang) values (8941,8946,null,null);
insert into tbl_physical_addresses (physical_address_id,address_location_id,type,lang) values (8942,8947,null,null);
insert into tbl_physical_addresses (physical_address_id,address_location_id,type,lang) values (8943,8948,null,null);
insert into tbl_physical_addresses (physical_address_id,address_location_id,type,lang) values (8944,8949,null,null);
insert into tbl_physical_addresses (physical_address_id,address_location_id,type,lang) values (8945,8950,null,null);
insert into tbl_physical_addresses (physical_address_id,address_location_id,type,lang) values (8946,8951,null,null);
insert into tbl_physical_addresses (physical_address_id,address_location_id,type,lang) values (8947,8952,null,null);
insert into tbl_physical_addresses (physical_address_id,address_location_id,type,lang) values (8948,8953,null,null);
insert into tbl_physical_addresses (physical_address_id,address_location_id,type,lang) values (8949,8954,null,null);
insert into tbl_physical_addresses (physical_address_id,address_location_id,type,lang) values (8950,8955,null,null);
insert into tbl_physical_addresses (physical_address_id,address_location_id,type,lang) values (8951,8956,null,null);
insert into tbl_physical_addresses (physical_address_id,address_location_id,type,lang) values (8952,8957,null,null);
insert into tbl_physical_addresses (physical_address_id,address_location_id,type,lang) values (8953,8958,null,null);
insert into tbl_physical_addresses (physical_address_id,address_location_id,type,lang) values (8954,8959,null,null);
insert into tbl_physical_addresses (physical_address_id,address_location_id,type,lang) values (8955,8960,null,null);
insert into tbl_physical_addresses (physical_address_id,address_location_id,type,lang) values (8956,8961,null,null);
insert into tbl_physical_addresses (physical_address_id,address_location_id,type,lang) values (8957,8962,null,null);
insert into tbl_physical_addresses (physical_address_id,address_location_id,type,lang) values (8958,8963,null,null);
insert into tbl_physical_addresses (physical_address_id,address_location_id,type,lang) values (8959,8964,null,null);
insert into tbl_physical_addresses (physical_address_id,address_location_id,type,lang) values (8960,8965,null,null);
insert into tbl_physical_addresses (physical_address_id,address_location_id,type,lang) values (8961,8966,null,null);
insert into tbl_physical_addresses (physical_address_id,address_location_id,type,lang) values (8962,8967,null,null);
insert into tbl_physical_addresses (physical_address_id,address_location_id,type,lang) values (8963,8968,null,null);
insert into tbl_physical_addresses (physical_address_id,address_location_id,type,lang) values (8964,8969,null,null);
insert into tbl_physical_addresses (physical_address_id,address_location_id,type,lang) values (8965,8970,null,null);
insert into tbl_physical_addresses (physical_address_id,address_location_id,type,lang) values (8966,8971,null,null);
insert into tbl_physical_addresses (physical_address_id,address_location_id,type,lang) values (8967,8972,null,null);
insert into tbl_physical_addresses (physical_address_id,address_location_id,type,lang) values (8968,8973,null,null);
insert into tbl_physical_addresses (physical_address_id,address_location_id,type,lang) values (8969,8974,null,null);
insert into tbl_physical_addresses (physical_address_id,address_location_id,type,lang) values (8970,8975,null,null);

insert into tbl_address_parts (address_part_id,physical_address_id,value,type,lang) values (65832,8905,'Calle','Vía',null);
insert into tbl_address_parts (address_part_id,physical_address_id,value,type,lang) values (65833,8906,'Avenida','Vía',null);
insert into tbl_address_parts (address_part_id,physical_address_id,value,type,lang) values (65834,8907,'Avenida','Vía',null);
insert into tbl_address_parts (address_part_id,physical_address_id,value,type,lang) values (65835,8908,'Avenida','Vía',null);
insert into tbl_address_parts (address_part_id,physical_address_id,value,type,lang) values (65836,8909,'Calle','Vía',null);
insert into tbl_address_parts (address_part_id,physical_address_id,value,type,lang) values (65837,8910,'Calle','Vía',null);
insert into tbl_address_parts (address_part_id,physical_address_id,value,type,lang) values (65838,8911,'Calle','Vía',null);
insert into tbl_address_parts (address_part_id,physical_address_id,value,type,lang) values (65839,8912,'Calle','Vía',null);
insert into tbl_address_parts (address_part_id,physical_address_id,value,type,lang) values (65840,8913,'Calle','Vía',null);
insert into tbl_address_parts (address_part_id,physical_address_id,value,type,lang) values (65841,8914,'Calle','Vía',null);
insert into tbl_address_parts (address_part_id,physical_address_id,value,type,lang) values (65842,8915,'Calle','Vía',null);
insert into tbl_address_parts (address_part_id,physical_address_id,value,type,lang) values (65843,8916,'Calle','Vía',null);
insert into tbl_address_parts (address_part_id,physical_address_id,value,type,lang) values (65844,8917,'Calle','Vía',null);
insert into tbl_address_parts (address_part_id,physical_address_id,value,type,lang) values (65845,8918,'Calle','Vía',null);
insert into tbl_address_parts (address_part_id,physical_address_id,value,type,lang) values (65846,8919,'Calle','Vía',null);
insert into tbl_address_parts (address_part_id,physical_address_id,value,type,lang) values (65847,8920,'Parque','Vía',null);
insert into tbl_address_parts (address_part_id,physical_address_id,value,type,lang) values (65848,8921,'Plaza','Vía',null);
insert into tbl_address_parts (address_part_id,physical_address_id,value,type,lang) values (65849,8922,'Plaza','Vía',null);
insert into tbl_address_parts (address_part_id,physical_address_id,value,type,lang) values (65850,8923,'Plaza','Vía',null);
insert into tbl_address_parts (address_part_id,physical_address_id,value,type,lang) values (65851,8924,'Plaza','Vía',null);
insert into tbl_address_parts (address_part_id,physical_address_id,value,type,lang) values (65852,8925,'Plaza','Vía',null);
insert into tbl_address_parts (address_part_id,physical_address_id,value,type,lang) values (65853,8926,'Plaza','Vía',null);
insert into tbl_address_parts (address_part_id,physical_address_id,value,type,lang) values (65854,8927,'Plaza','Vía',null);
insert into tbl_address_parts (address_part_id,physical_address_id,value,type,lang) values (65855,8928,'Carretera','Vía',null);
insert into tbl_address_parts (address_part_id,physical_address_id,value,type,lang) values (65856,8929,'Calle','Vía',null);
insert into tbl_address_parts (address_part_id,physical_address_id,value,type,lang) values (65857,8930,'Calle','Vía',null);
insert into tbl_address_parts (address_part_id,physical_address_id,value,type,lang) values (65858,8931,'Calle','Vía',null);
insert into tbl_address_parts (address_part_id,physical_address_id,value,type,lang) values (65859,8932,'Calle','Vía',null);
insert into tbl_address_parts (address_part_id,physical_address_id,value,type,lang) values (65860,8933,'Plaza','Vía',null);
insert into tbl_address_parts (address_part_id,physical_address_id,value,type,lang) values (65861,8934,'Calle','Vía',null);
insert into tbl_address_parts (address_part_id,physical_address_id,value,type,lang) values (65862,8935,'Calle','Vía',null);
insert into tbl_address_parts (address_part_id,physical_address_id,value,type,lang) values (65863,8936,'Avenida','Vía',null);
insert into tbl_address_parts (address_part_id,physical_address_id,value,type,lang) values (65864,8937,'Avenida','Vía',null);
insert into tbl_address_parts (address_part_id,physical_address_id,value,type,lang) values (65865,8938,'Plaza','Vía',null);
insert into tbl_address_parts (address_part_id,physical_address_id,value,type,lang) values (65866,8940,'Calle','Vía',null);
insert into tbl_address_parts (address_part_id,physical_address_id,value,type,lang) values (65867,8941,'Avenida','Vía',null);
insert into tbl_address_parts (address_part_id,physical_address_id,value,type,lang) values (65868,8942,'Calle','Vía',null);
insert into tbl_address_parts (address_part_id,physical_address_id,value,type,lang) values (65869,8943,'Calle','Vía',null);
insert into tbl_address_parts (address_part_id,physical_address_id,value,type,lang) values (65870,8944,'Calle','Vía',null);
insert into tbl_address_parts (address_part_id,physical_address_id,value,type,lang) values (65871,8945,'Calle','Vía',null);
insert into tbl_address_parts (address_part_id,physical_address_id,value,type,lang) values (65872,8947,'Plaza','Vía',null);
insert into tbl_address_parts (address_part_id,physical_address_id,value,type,lang) values (65873,8948,'Calle','Vía',null);
insert into tbl_address_parts (address_part_id,physical_address_id,value,type,lang) values (65874,8949,'Calle','Vía',null);
insert into tbl_address_parts (address_part_id,physical_address_id,value,type,lang) values (65875,8950,'Calle','Vía',null);
insert into tbl_address_parts (address_part_id,physical_address_id,value,type,lang) values (65876,8951,'Calle','Vía',null);
insert into tbl_address_parts (address_part_id,physical_address_id,value,type,lang) values (65877,8953,'Demarcación','Vía',null);
insert into tbl_address_parts (address_part_id,physical_address_id,value,type,lang) values (65878,8905,'Aragón','Dirección',null);
insert into tbl_address_parts (address_part_id,physical_address_id,value,type,lang) values (65879,8906,'Miguel Servet','Dirección',null);
insert into tbl_address_parts (address_part_id,physical_address_id,value,type,lang) values (65880,8907,'Puerta de Sancho','Dirección',null);
insert into tbl_address_parts (address_part_id,physical_address_id,value,type,lang) values (65881,8908,'Santa Isabel','Dirección',null);
insert into tbl_address_parts (address_part_id,physical_address_id,value,type,lang) values (65882,8909,'Autonomía de Aragón','Dirección',null);
insert into tbl_address_parts (address_part_id,physical_address_id,value,type,lang) values (65883,8910,'del Palacio','Dirección',null);
insert into tbl_address_parts (address_part_id,physical_address_id,value,type,lang) values (65884,8911,'La Tajada','Dirección',null);
insert into tbl_address_parts (address_part_id,physical_address_id,value,type,lang) values (65885,8912,'Pedro Laín Entralgo (esq. Gómez de Avellaneda)','Dirección',null);
insert into tbl_address_parts (address_part_id,physical_address_id,value,type,lang) values (65886,8913,'Monzón','Dirección',null);
insert into tbl_address_parts (address_part_id,physical_address_id,value,type,lang) values (65887,8914,'Mosén Miguel Marín','Dirección',null);
insert into tbl_address_parts (address_part_id,physical_address_id,value,type,lang) values (65888,8915,'Nuestra Señora del Rosario','Dirección',null);
insert into tbl_address_parts (address_part_id,physical_address_id,value,type,lang) values (65889,8916,'Santa Orosia','Dirección',null);
insert into tbl_address_parts (address_part_id,physical_address_id,value,type,lang) values (65890,8917,'Santa Teresa de Jesús','Dirección',null);
insert into tbl_address_parts (address_part_id,physical_address_id,value,type,lang) values (65891,8918,'Antonio Leyva','Dirección',null);
insert into tbl_address_parts (address_part_id,physical_address_id,value,type,lang) values (65892,8919,'Viñedo Viejo','Dirección',null);
insert into tbl_address_parts (address_part_id,physical_address_id,value,type,lang) values (65893,8920,'Delicias','Dirección',null);
insert into tbl_address_parts (address_part_id,physical_address_id,value,type,lang) values (65894,8921,'de la Inmaculada','Dirección',null);
insert into tbl_address_parts (address_part_id,physical_address_id,value,type,lang) values (65895,8922,'España','Dirección',null);
insert into tbl_address_parts (address_part_id,physical_address_id,value,type,lang) values (65896,8923,'de la Rosa','Dirección',null);
insert into tbl_address_parts (address_part_id,physical_address_id,value,type,lang) values (65897,8924,'Mayor','Dirección',null);
insert into tbl_address_parts (address_part_id,physical_address_id,value,type,lang) values (65898,8925,'Mayor','Dirección',null);
insert into tbl_address_parts (address_part_id,physical_address_id,value,type,lang) values (65899,8926,'San Gregorio','Dirección',null);
insert into tbl_address_parts (address_part_id,physical_address_id,value,type,lang) values (65900,8927,'San Agustín','Dirección',null);
insert into tbl_address_parts (address_part_id,physical_address_id,value,type,lang) values (65901,8928,'Nacional II','Dirección',null);
insert into tbl_address_parts (address_part_id,physical_address_id,value,type,lang) values (65902,8929,'de la Magdalena','Dirección',null);
insert into tbl_address_parts (address_part_id,physical_address_id,value,type,lang) values (65903,8930,'Mayor','Dirección',null);
insert into tbl_address_parts (address_part_id,physical_address_id,value,type,lang) values (65904,8931,'Mayor','Dirección',null);
insert into tbl_address_parts (address_part_id,physical_address_id,value,type,lang) values (65905,8932,'Jaime I','Dirección',null);
insert into tbl_address_parts (address_part_id,physical_address_id,value,type,lang) values (65906,8933,'de España','Dirección',null);
insert into tbl_address_parts (address_part_id,physical_address_id,value,type,lang) values (65907,8934,'de la Virgen','Dirección',null);
insert into tbl_address_parts (address_part_id,physical_address_id,value,type,lang) values (65908,8935,'San Roque','Dirección',null);
insert into tbl_address_parts (address_part_id,physical_address_id,value,type,lang) values (65909,8936,'Constitución','Dirección',null);
insert into tbl_address_parts (address_part_id,physical_address_id,value,type,lang) values (65910,8937,'Ángel de Valle','Dirección',null);
insert into tbl_address_parts (address_part_id,physical_address_id,value,type,lang) values (65911,8938,'Fray Junípero Serra','Dirección',null);
insert into tbl_address_parts (address_part_id,physical_address_id,value,type,lang) values (65912,8939,'Carreña','Dirección',null);
insert into tbl_address_parts (address_part_id,physical_address_id,value,type,lang) values (65913,8940,'Bernardo Álvarez Galán','Dirección',null);
insert into tbl_address_parts (address_part_id,physical_address_id,value,type,lang) values (65914,8941,'de Trénor','Dirección',null);
insert into tbl_address_parts (address_part_id,physical_address_id,value,type,lang) values (65915,8942,'Hermanas Bobes','Dirección',null);
insert into tbl_address_parts (address_part_id,physical_address_id,value,type,lang) values (65916,8943,'La Concordia','Dirección',null);
insert into tbl_address_parts (address_part_id,physical_address_id,value,type,lang) values (65917,8944,'Salvador Allende','Dirección',null);
insert into tbl_address_parts (address_part_id,physical_address_id,value,type,lang) values (65918,8945,'Ramón Areces','Dirección',null);
insert into tbl_address_parts (address_part_id,physical_address_id,value,type,lang) values (65919,8946,'Montiana','Dirección',null);
insert into tbl_address_parts (address_part_id,physical_address_id,value,type,lang) values (65920,8947,'de la República','Dirección',null);
insert into tbl_address_parts (address_part_id,physical_address_id,value,type,lang) values (65921,8948,'Río Nalón','Dirección',null);
insert into tbl_address_parts (address_part_id,physical_address_id,value,type,lang) values (65922,8949,'Charles Chaplin','Dirección',null);
insert into tbl_address_parts (address_part_id,physical_address_id,value,type,lang) values (65923,8950,'Dorado','Dirección',null);
insert into tbl_address_parts (address_part_id,physical_address_id,value,type,lang) values (65924,8951,'1º de Mayo','Dirección',null);
insert into tbl_address_parts (address_part_id,physical_address_id,value,type,lang) values (65925,8952,'La Bolera','Dirección',null);
insert into tbl_address_parts (address_part_id,physical_address_id,value,type,lang) values (65926,8953,'de Nemesio Sobrino','Dirección',null);
insert into tbl_address_parts (address_part_id,physical_address_id,value,type,lang) values (65927,8954,'El Parque','Dirección',null);
insert into tbl_address_parts (address_part_id,physical_address_id,value,type,lang) values (65928,8905,'4','Número',null);
insert into tbl_address_parts (address_part_id,physical_address_id,value,type,lang) values (65929,8906,'57','Número',null);
insert into tbl_address_parts (address_part_id,physical_address_id,value,type,lang) values (65930,8907,'30','Número',null);
insert into tbl_address_parts (address_part_id,physical_address_id,value,type,lang) values (65931,8908,'100','Número',null);
insert into tbl_address_parts (address_part_id,physical_address_id,value,type,lang) values (65932,8909,'21','Número',null);
insert into tbl_address_parts (address_part_id,physical_address_id,value,type,lang) values (65933,8910,'15','Número',null);
insert into tbl_address_parts (address_part_id,physical_address_id,value,type,lang) values (65934,8911,'s/n','Número',null);
insert into tbl_address_parts (address_part_id,physical_address_id,value,type,lang) values (65935,8912,'s/n','Número',null);
insert into tbl_address_parts (address_part_id,physical_address_id,value,type,lang) values (65936,8913,'3','Número',null);
insert into tbl_address_parts (address_part_id,physical_address_id,value,type,lang) values (65937,8914,'1','Número',null);
insert into tbl_address_parts (address_part_id,physical_address_id,value,type,lang) values (65938,8915,'16','Número',null);
insert into tbl_address_parts (address_part_id,physical_address_id,value,type,lang) values (65939,8916,'2','Número',null);
insert into tbl_address_parts (address_part_id,physical_address_id,value,type,lang) values (65940,8917,'58','Número',null);
insert into tbl_address_parts (address_part_id,physical_address_id,value,type,lang) values (65941,8918,'87','Número',null);
insert into tbl_address_parts (address_part_id,physical_address_id,value,type,lang) values (65942,8919,'1','Número',null);
insert into tbl_address_parts (address_part_id,physical_address_id,value,type,lang) values (65943,8921,'s/n','Número',null);
insert into tbl_address_parts (address_part_id,physical_address_id,value,type,lang) values (65944,8922,'9','Número',null);
insert into tbl_address_parts (address_part_id,physical_address_id,value,type,lang) values (65945,8923,'s/n','Número',null);
insert into tbl_address_parts (address_part_id,physical_address_id,value,type,lang) values (65946,8924,'1','Número',null);
insert into tbl_address_parts (address_part_id,physical_address_id,value,type,lang) values (65947,8925,'2','Número',null);
insert into tbl_address_parts (address_part_id,physical_address_id,value,type,lang) values (65948,8926,'s/n','Número',null);
insert into tbl_address_parts (address_part_id,physical_address_id,value,type,lang) values (65949,8927,'s/n','Número',null);
insert into tbl_address_parts (address_part_id,physical_address_id,value,type,lang) values (65950,8929,'20','Número',null);
insert into tbl_address_parts (address_part_id,physical_address_id,value,type,lang) values (65951,8930,'13 - 15','Número',null);
insert into tbl_address_parts (address_part_id,physical_address_id,value,type,lang) values (65952,8931,'1','Número',null);
insert into tbl_address_parts (address_part_id,physical_address_id,value,type,lang) values (65953,8932,'4','Número',null);
insert into tbl_address_parts (address_part_id,physical_address_id,value,type,lang) values (65954,8933,'1 (Sancho Abarca)','Número',null);
insert into tbl_address_parts (address_part_id,physical_address_id,value,type,lang) values (65955,8934,'s/n','Número',null);
insert into tbl_address_parts (address_part_id,physical_address_id,value,type,lang) values (65956,8935,'s/n','Número',null);
insert into tbl_address_parts (address_part_id,physical_address_id,value,type,lang) values (65957,8936,'45','Número',null);
insert into tbl_address_parts (address_part_id,physical_address_id,value,type,lang) values (65958,8937,'53','Número',null);
insert into tbl_address_parts (address_part_id,physical_address_id,value,type,lang) values (65959,8938,'2','Número',null);
insert into tbl_address_parts (address_part_id,physical_address_id,value,type,lang) values (65960,8940,'12','Número',null);
insert into tbl_address_parts (address_part_id,physical_address_id,value,type,lang) values (65961,8941,'s/n','Número',null);
insert into tbl_address_parts (address_part_id,physical_address_id,value,type,lang) values (65962,8942,'Bajo, bloque B','Número',null);
insert into tbl_address_parts (address_part_id,physical_address_id,value,type,lang) values (65963,8943,'3','Número',null);
insert into tbl_address_parts (address_part_id,physical_address_id,value,type,lang) values (65964,8944,'13','Número',null);
insert into tbl_address_parts (address_part_id,physical_address_id,value,type,lang) values (65965,8945,'7','Número',null);
insert into tbl_address_parts (address_part_id,physical_address_id,value,type,lang) values (65966,8946,'s/n','Número',null);
insert into tbl_address_parts (address_part_id,physical_address_id,value,type,lang) values (65967,8947,'s/n','Número',null);
insert into tbl_address_parts (address_part_id,physical_address_id,value,type,lang) values (65968,8948,'2','Número',null);
insert into tbl_address_parts (address_part_id,physical_address_id,value,type,lang) values (65969,8949,'s/n','Número',null);
insert into tbl_address_parts (address_part_id,physical_address_id,value,type,lang) values (65970,8950,'6','Número',null);
insert into tbl_address_parts (address_part_id,physical_address_id,value,type,lang) values (65971,8953,'3','Número',null);
insert into tbl_address_parts (address_part_id,physical_address_id,value,type,lang) values (65972,8905,'50190','DistritoPostal',null);
insert into tbl_address_parts (address_part_id,physical_address_id,value,type,lang) values (65973,8906,'50013','DistritoPostal',null);
insert into tbl_address_parts (address_part_id,physical_address_id,value,type,lang) values (65974,8907,'50003','DistritoPostal',null);
insert into tbl_address_parts (address_part_id,physical_address_id,value,type,lang) values (65975,8908,'50016','DistritoPostal',null);
insert into tbl_address_parts (address_part_id,physical_address_id,value,type,lang) values (65976,8909,'50720','DistritoPostal',null);
insert into tbl_address_parts (address_part_id,physical_address_id,value,type,lang) values (65977,8910,'50620','DistritoPostal',null);
insert into tbl_address_parts (address_part_id,physical_address_id,value,type,lang) values (65978,8911,'50016','DistritoPostal',null);
insert into tbl_address_parts (address_part_id,physical_address_id,value,type,lang) values (65979,8912,'50018','DistritoPostal',null);
insert into tbl_address_parts (address_part_id,physical_address_id,value,type,lang) values (65980,8913,'50007','DistritoPostal',null);
insert into tbl_address_parts (address_part_id,physical_address_id,value,type,lang) values (65981,8914,'50120','DistritoPostal',null);
insert into tbl_address_parts (address_part_id,physical_address_id,value,type,lang) values (65982,8915,'50059','DistritoPostal',null);
insert into tbl_address_parts (address_part_id,physical_address_id,value,type,lang) values (65983,8916,'50010','DistritoPostal',null);
insert into tbl_address_parts (address_part_id,physical_address_id,value,type,lang) values (65984,8917,'50006','DistritoPostal',null);
insert into tbl_address_parts (address_part_id,physical_address_id,value,type,lang) values (65985,8918,'50011','DistritoPostal',null);
insert into tbl_address_parts (address_part_id,physical_address_id,value,type,lang) values (65986,8919,'50009','DistritoPostal',null);
insert into tbl_address_parts (address_part_id,physical_address_id,value,type,lang) values (65987,8920,'50017','DistritoPostal',null);
insert into tbl_address_parts (address_part_id,physical_address_id,value,type,lang) values (65988,8921,'50012','DistritoPostal',null);
insert into tbl_address_parts (address_part_id,physical_address_id,value,type,lang) values (65989,8922,'50820','DistritoPostal',null);
insert into tbl_address_parts (address_part_id,physical_address_id,value,type,lang) values (65990,8923,'50011','DistritoPostal',null);
insert into tbl_address_parts (address_part_id,physical_address_id,value,type,lang) values (65991,8924,'50194','DistritoPostal',null);
insert into tbl_address_parts (address_part_id,physical_address_id,value,type,lang) values (65992,8925,'50008','DistritoPostal',null);
insert into tbl_address_parts (address_part_id,physical_address_id,value,type,lang) values (65993,8926,'50015','DistritoPostal',null);
insert into tbl_address_parts (address_part_id,physical_address_id,value,type,lang) values (65994,8927,'50001','DistritoPostal',null);
insert into tbl_address_parts (address_part_id,physical_address_id,value,type,lang) values (65995,8928,'22520','DistritoPostal',null);
insert into tbl_address_parts (address_part_id,physical_address_id,value,type,lang) values (65996,8929,'22529','DistritoPostal',null);
insert into tbl_address_parts (address_part_id,physical_address_id,value,type,lang) values (65997,8930,'44600','DistritoPostal',null);
insert into tbl_address_parts (address_part_id,physical_address_id,value,type,lang) values (65998,8931,'44660','DistritoPostal',null);
insert into tbl_address_parts (address_part_id,physical_address_id,value,type,lang) values (65999,8932,'22520','DistritoPostal',null);
insert into tbl_address_parts (address_part_id,physical_address_id,value,type,lang) values (66000,8933,'50669','DistritoPostal',null);
insert into tbl_address_parts (address_part_id,physical_address_id,value,type,lang) values (66001,8934,'50669','DistritoPostal',null);
insert into tbl_address_parts (address_part_id,physical_address_id,value,type,lang) values (66002,8935,'33191','DistritoPostal',null);
insert into tbl_address_parts (address_part_id,physical_address_id,value,type,lang) values (66003,8936,'33686','DistritoPostal',null);
insert into tbl_address_parts (address_part_id,physical_address_id,value,type,lang) values (66004,8937,'33684','DistritoPostal',null);
insert into tbl_address_parts (address_part_id,physical_address_id,value,type,lang) values (66005,8938,'33403','DistritoPostal',null);
insert into tbl_address_parts (address_part_id,physical_address_id,value,type,lang) values (66006,8939,'33554','DistritoPostal',null);
insert into tbl_address_parts (address_part_id,physical_address_id,value,type,lang) values (66007,8940,'33405','DistritoPostal',null);
insert into tbl_address_parts (address_part_id,physical_address_id,value,type,lang) values (66008,8941,'33794','DistritoPostal',null);
insert into tbl_address_parts (address_part_id,physical_address_id,value,type,lang) values (66009,8942,'33470','DistritoPostal',null);
insert into tbl_address_parts (address_part_id,physical_address_id,value,type,lang) values (66010,8943,'33402','DistritoPostal',null);
insert into tbl_address_parts (address_part_id,physical_address_id,value,type,lang) values (66011,8944,'33211','DistritoPostal',null);
insert into tbl_address_parts (address_part_id,physical_address_id,value,type,lang) values (66012,8945,'33211','DistritoPostal',null);
insert into tbl_address_parts (address_part_id,physical_address_id,value,type,lang) values (66013,8946,'33697','DistritoPostal',null);
insert into tbl_address_parts (address_part_id,physical_address_id,value,type,lang) values (66014,8947,'33204','DistritoPostal',null);
insert into tbl_address_parts (address_part_id,physical_address_id,value,type,lang) values (66015,8948,'33210','DistritoPostal',null);
insert into tbl_address_parts (address_part_id,physical_address_id,value,type,lang) values (66016,8949,'33350','DistritoPostal',null);
insert into tbl_address_parts (address_part_id,physical_address_id,value,type,lang) values (66017,8950,'33900','DistritoPostal',null);
insert into tbl_address_parts (address_part_id,physical_address_id,value,type,lang) values (66018,8951,'33970','DistritoPostal',null);
insert into tbl_address_parts (address_part_id,physical_address_id,value,type,lang) values (66019,8952,'33992','DistritoPostal',null);
insert into tbl_address_parts (address_part_id,physical_address_id,value,type,lang) values (66020,8953,'33508','DistritoPostal',null);
insert into tbl_address_parts (address_part_id,physical_address_id,value,type,lang) values (66021,8954,'33610','DistritoPostal',null);
insert into tbl_address_parts (address_part_id,physical_address_id,value,type,lang) values (66022,8905,'España','País',null);
insert into tbl_address_parts (address_part_id,physical_address_id,value,type,lang) values (66023,8906,'España','País',null);
insert into tbl_address_parts (address_part_id,physical_address_id,value,type,lang) values (66024,8907,'España','País',null);
insert into tbl_address_parts (address_part_id,physical_address_id,value,type,lang) values (66025,8908,'España','País',null);
insert into tbl_address_parts (address_part_id,physical_address_id,value,type,lang) values (66026,8909,'España','País',null);
insert into tbl_address_parts (address_part_id,physical_address_id,value,type,lang) values (66027,8910,'España','País',null);
insert into tbl_address_parts (address_part_id,physical_address_id,value,type,lang) values (66028,8911,'España','País',null);
insert into tbl_address_parts (address_part_id,physical_address_id,value,type,lang) values (66029,8912,'España','País',null);
insert into tbl_address_parts (address_part_id,physical_address_id,value,type,lang) values (66030,8913,'España','País',null);
insert into tbl_address_parts (address_part_id,physical_address_id,value,type,lang) values (66031,8914,'España','País',null);
insert into tbl_address_parts (address_part_id,physical_address_id,value,type,lang) values (66032,8915,'España','País',null);
insert into tbl_address_parts (address_part_id,physical_address_id,value,type,lang) values (66033,8916,'España','País',null);
insert into tbl_address_parts (address_part_id,physical_address_id,value,type,lang) values (66034,8917,'España','País',null);
insert into tbl_address_parts (address_part_id,physical_address_id,value,type,lang) values (66035,8918,'España','País',null);
insert into tbl_address_parts (address_part_id,physical_address_id,value,type,lang) values (66036,8919,'España','País',null);
insert into tbl_address_parts (address_part_id,physical_address_id,value,type,lang) values (66037,8920,'España','País',null);
insert into tbl_address_parts (address_part_id,physical_address_id,value,type,lang) values (66038,8921,'España','País',null);
insert into tbl_address_parts (address_part_id,physical_address_id,value,type,lang) values (66039,8922,'España','País',null);
insert into tbl_address_parts (address_part_id,physical_address_id,value,type,lang) values (66040,8923,'España','País',null);
insert into tbl_address_parts (address_part_id,physical_address_id,value,type,lang) values (66041,8924,'España','País',null);
insert into tbl_address_parts (address_part_id,physical_address_id,value,type,lang) values (66042,8925,'España','País',null);
insert into tbl_address_parts (address_part_id,physical_address_id,value,type,lang) values (66043,8926,'España','País',null);
insert into tbl_address_parts (address_part_id,physical_address_id,value,type,lang) values (66044,8927,'España','País',null);
insert into tbl_address_parts (address_part_id,physical_address_id,value,type,lang) values (66045,8928,'España','País',null);
insert into tbl_address_parts (address_part_id,physical_address_id,value,type,lang) values (66046,8929,'España','País',null);
insert into tbl_address_parts (address_part_id,physical_address_id,value,type,lang) values (66047,8930,'España','País',null);
insert into tbl_address_parts (address_part_id,physical_address_id,value,type,lang) values (66048,8931,'España','País',null);
insert into tbl_address_parts (address_part_id,physical_address_id,value,type,lang) values (66049,8932,'España','País',null);
insert into tbl_address_parts (address_part_id,physical_address_id,value,type,lang) values (66050,8934,'España','País',null);
insert into tbl_address_parts (address_part_id,physical_address_id,value,type,lang) values (66051,8935,'España','País',null);
insert into tbl_address_parts (address_part_id,physical_address_id,value,type,lang) values (66052,8936,'España','País',null);
insert into tbl_address_parts (address_part_id,physical_address_id,value,type,lang) values (66053,8937,'España','País',null);
insert into tbl_address_parts (address_part_id,physical_address_id,value,type,lang) values (66054,8938,'España','País',null);
insert into tbl_address_parts (address_part_id,physical_address_id,value,type,lang) values (66055,8939,'España','País',null);
insert into tbl_address_parts (address_part_id,physical_address_id,value,type,lang) values (66056,8940,'España','País',null);
insert into tbl_address_parts (address_part_id,physical_address_id,value,type,lang) values (66057,8941,'España','País',null);
insert into tbl_address_parts (address_part_id,physical_address_id,value,type,lang) values (66058,8942,'España','País',null);
insert into tbl_address_parts (address_part_id,physical_address_id,value,type,lang) values (66059,8943,'España','País',null);
insert into tbl_address_parts (address_part_id,physical_address_id,value,type,lang) values (66060,8944,'España','País',null);
insert into tbl_address_parts (address_part_id,physical_address_id,value,type,lang) values (66061,8945,'España','País',null);
insert into tbl_address_parts (address_part_id,physical_address_id,value,type,lang) values (66062,8946,'España','País',null);
insert into tbl_address_parts (address_part_id,physical_address_id,value,type,lang) values (66063,8947,'España','País',null);
insert into tbl_address_parts (address_part_id,physical_address_id,value,type,lang) values (66064,8948,'España','País',null);
insert into tbl_address_parts (address_part_id,physical_address_id,value,type,lang) values (66065,8949,'España','País',null);
insert into tbl_address_parts (address_part_id,physical_address_id,value,type,lang) values (66066,8950,'España','País',null);
insert into tbl_address_parts (address_part_id,physical_address_id,value,type,lang) values (66067,8951,'España','País',null);
insert into tbl_address_parts (address_part_id,physical_address_id,value,type,lang) values (66068,8952,'España','País',null);
insert into tbl_address_parts (address_part_id,physical_address_id,value,type,lang) values (66069,8953,'España','País',null);
insert into tbl_address_parts (address_part_id,physical_address_id,value,type,lang) values (66070,8954,'España','País',null);
insert into tbl_address_parts (address_part_id,physical_address_id,value,type,lang) values (66071,8933,'España','País',null);
insert into tbl_address_parts (address_part_id,physical_address_id,value,type,lang) values (66072,8905,'Aragón','CA',null);
insert into tbl_address_parts (address_part_id,physical_address_id,value,type,lang) values (66073,8906,'Aragón','CA',null);
insert into tbl_address_parts (address_part_id,physical_address_id,value,type,lang) values (66074,8907,'Aragón','CA',null);
insert into tbl_address_parts (address_part_id,physical_address_id,value,type,lang) values (66075,8908,'Aragón','CA',null);
insert into tbl_address_parts (address_part_id,physical_address_id,value,type,lang) values (66076,8909,'Aragón','CA',null);
insert into tbl_address_parts (address_part_id,physical_address_id,value,type,lang) values (66077,8910,'Aragón','CA',null);
insert into tbl_address_parts (address_part_id,physical_address_id,value,type,lang) values (66078,8911,'Aragón','CA',null);
insert into tbl_address_parts (address_part_id,physical_address_id,value,type,lang) values (66079,8912,'Aragón','CA',null);
insert into tbl_address_parts (address_part_id,physical_address_id,value,type,lang) values (66080,8913,'Aragón','CA',null);
insert into tbl_address_parts (address_part_id,physical_address_id,value,type,lang) values (66081,8914,'Aragón','CA',null);
insert into tbl_address_parts (address_part_id,physical_address_id,value,type,lang) values (66082,8915,'Aragón','CA',null);
insert into tbl_address_parts (address_part_id,physical_address_id,value,type,lang) values (66083,8916,'Aragón','CA',null);
insert into tbl_address_parts (address_part_id,physical_address_id,value,type,lang) values (66084,8917,'Aragón','CA',null);
insert into tbl_address_parts (address_part_id,physical_address_id,value,type,lang) values (66085,8918,'Aragón','CA',null);
insert into tbl_address_parts (address_part_id,physical_address_id,value,type,lang) values (66086,8919,'Aragón','CA',null);
insert into tbl_address_parts (address_part_id,physical_address_id,value,type,lang) values (66087,8920,'Aragón','CA',null);
insert into tbl_address_parts (address_part_id,physical_address_id,value,type,lang) values (66088,8921,'Aragón','CA',null);
insert into tbl_address_parts (address_part_id,physical_address_id,value,type,lang) values (66089,8922,'Aragón','CA',null);
insert into tbl_address_parts (address_part_id,physical_address_id,value,type,lang) values (66090,8923,'Aragón','CA',null);
insert into tbl_address_parts (address_part_id,physical_address_id,value,type,lang) values (66091,8924,'Aragón','CA',null);
insert into tbl_address_parts (address_part_id,physical_address_id,value,type,lang) values (66092,8925,'Aragón','CA',null);
insert into tbl_address_parts (address_part_id,physical_address_id,value,type,lang) values (66093,8926,'Aragón','CA',null);
insert into tbl_address_parts (address_part_id,physical_address_id,value,type,lang) values (66094,8927,'Aragón','CA',null);
insert into tbl_address_parts (address_part_id,physical_address_id,value,type,lang) values (66095,8928,'Aragón','CA',null);
insert into tbl_address_parts (address_part_id,physical_address_id,value,type,lang) values (66096,8929,'Aragón','CA',null);
insert into tbl_address_parts (address_part_id,physical_address_id,value,type,lang) values (66097,8930,'Aragón','CA',null);
insert into tbl_address_parts (address_part_id,physical_address_id,value,type,lang) values (66098,8931,'Aragón','CA',null);
insert into tbl_address_parts (address_part_id,physical_address_id,value,type,lang) values (66099,8932,'Aragón','CA',null);
insert into tbl_address_parts (address_part_id,physical_address_id,value,type,lang) values (66100,8934,'Aragón','CA',null);
insert into tbl_address_parts (address_part_id,physical_address_id,value,type,lang) values (66101,8935,'Principado de Asturias','CA',null);
insert into tbl_address_parts (address_part_id,physical_address_id,value,type,lang) values (66102,8936,'Principado de Asturias','CA',null);
insert into tbl_address_parts (address_part_id,physical_address_id,value,type,lang) values (66103,8937,'Principado de Asturias','CA',null);
insert into tbl_address_parts (address_part_id,physical_address_id,value,type,lang) values (66104,8938,'Principado de Asturias','CA',null);
insert into tbl_address_parts (address_part_id,physical_address_id,value,type,lang) values (66105,8939,'Principado de Asturias','CA',null);
insert into tbl_address_parts (address_part_id,physical_address_id,value,type,lang) values (66106,8940,'Principado de Asturias','CA',null);
insert into tbl_address_parts (address_part_id,physical_address_id,value,type,lang) values (66107,8941,'Principado de Asturias','CA',null);
insert into tbl_address_parts (address_part_id,physical_address_id,value,type,lang) values (66108,8942,'Principado de Asturias','CA',null);
insert into tbl_address_parts (address_part_id,physical_address_id,value,type,lang) values (66109,8943,'Principado de Asturias','CA',null);
insert into tbl_address_parts (address_part_id,physical_address_id,value,type,lang) values (66110,8944,'Principado de Asturias','CA',null);
insert into tbl_address_parts (address_part_id,physical_address_id,value,type,lang) values (66111,8945,'Principado de Asturias','CA',null);
insert into tbl_address_parts (address_part_id,physical_address_id,value,type,lang) values (66112,8946,'Principado de Asturias','CA',null);
insert into tbl_address_parts (address_part_id,physical_address_id,value,type,lang) values (66113,8947,'Principado de Asturias','CA',null);
insert into tbl_address_parts (address_part_id,physical_address_id,value,type,lang) values (66114,8948,'Principado de Asturias','CA',null);
insert into tbl_address_parts (address_part_id,physical_address_id,value,type,lang) values (66115,8949,'Principado de Asturias','CA',null);
insert into tbl_address_parts (address_part_id,physical_address_id,value,type,lang) values (66116,8950,'Principado de Asturias','CA',null);
insert into tbl_address_parts (address_part_id,physical_address_id,value,type,lang) values (66117,8951,'Principado de Asturias','CA',null);
insert into tbl_address_parts (address_part_id,physical_address_id,value,type,lang) values (66118,8952,'Principado de Asturias','CA',null);
insert into tbl_address_parts (address_part_id,physical_address_id,value,type,lang) values (66119,8953,'Principado de Asturias','CA',null);
insert into tbl_address_parts (address_part_id,physical_address_id,value,type,lang) values (66120,8954,'Principado de Asturias','CA',null);
insert into tbl_address_parts (address_part_id,physical_address_id,value,type,lang) values (66121,8933,'Aragón','CA',null);
insert into tbl_address_parts (address_part_id,physical_address_id,value,type,lang) values (66122,8905,'Zaragoza','Provincia',null);
insert into tbl_address_parts (address_part_id,physical_address_id,value,type,lang) values (66123,8906,'Zaragoza','Provincia',null);
insert into tbl_address_parts (address_part_id,physical_address_id,value,type,lang) values (66124,8907,'Zaragoza','Provincia',null);
insert into tbl_address_parts (address_part_id,physical_address_id,value,type,lang) values (66125,8908,'Zaragoza','Provincia',null);
insert into tbl_address_parts (address_part_id,physical_address_id,value,type,lang) values (66126,8909,'Zaragoza','Provincia',null);
insert into tbl_address_parts (address_part_id,physical_address_id,value,type,lang) values (66127,8910,'Zaragoza','Provincia',null);
insert into tbl_address_parts (address_part_id,physical_address_id,value,type,lang) values (66128,8911,'Zaragoza','Provincia',null);
insert into tbl_address_parts (address_part_id,physical_address_id,value,type,lang) values (66129,8912,'Zaragoza','Provincia',null);
insert into tbl_address_parts (address_part_id,physical_address_id,value,type,lang) values (66130,8913,'Zaragoza','Provincia',null);
insert into tbl_address_parts (address_part_id,physical_address_id,value,type,lang) values (66131,8914,'Zaragoza','Provincia',null);
insert into tbl_address_parts (address_part_id,physical_address_id,value,type,lang) values (66132,8915,'Zaragoza','Provincia',null);
insert into tbl_address_parts (address_part_id,physical_address_id,value,type,lang) values (66133,8916,'Zaragoza','Provincia',null);
insert into tbl_address_parts (address_part_id,physical_address_id,value,type,lang) values (66134,8917,'Zaragoza','Provincia',null);
insert into tbl_address_parts (address_part_id,physical_address_id,value,type,lang) values (66135,8918,'Zaragoza','Provincia',null);
insert into tbl_address_parts (address_part_id,physical_address_id,value,type,lang) values (66136,8919,'Zaragoza','Provincia',null);
insert into tbl_address_parts (address_part_id,physical_address_id,value,type,lang) values (66137,8920,'Zaragoza','Provincia',null);
insert into tbl_address_parts (address_part_id,physical_address_id,value,type,lang) values (66138,8921,'Zaragoza','Provincia',null);
insert into tbl_address_parts (address_part_id,physical_address_id,value,type,lang) values (66139,8922,'Zaragoza','Provincia',null);
insert into tbl_address_parts (address_part_id,physical_address_id,value,type,lang) values (66140,8923,'Zaragoza','Provincia',null);
insert into tbl_address_parts (address_part_id,physical_address_id,value,type,lang) values (66141,8924,'Zaragoza','Provincia',null);
insert into tbl_address_parts (address_part_id,physical_address_id,value,type,lang) values (66142,8925,'Zaragoza','Provincia',null);
insert into tbl_address_parts (address_part_id,physical_address_id,value,type,lang) values (66143,8926,'Zaragoza','Provincia',null);
insert into tbl_address_parts (address_part_id,physical_address_id,value,type,lang) values (66144,8927,'Zaragoza','Provincia',null);
insert into tbl_address_parts (address_part_id,physical_address_id,value,type,lang) values (66145,8928,'Huesca','Provincia',null);
insert into tbl_address_parts (address_part_id,physical_address_id,value,type,lang) values (66146,8929,'Huesca','Provincia',null);
insert into tbl_address_parts (address_part_id,physical_address_id,value,type,lang) values (66147,8930,'Teruel','Provincia',null);
insert into tbl_address_parts (address_part_id,physical_address_id,value,type,lang) values (66148,8931,'Teruel','Provincia',null);
insert into tbl_address_parts (address_part_id,physical_address_id,value,type,lang) values (66149,8932,'Huesca','Provincia',null);
insert into tbl_address_parts (address_part_id,physical_address_id,value,type,lang) values (66150,8934,'Zaragoza','Provincia',null);
insert into tbl_address_parts (address_part_id,physical_address_id,value,type,lang) values (66151,8935,'Asturias','Provincia',null);
insert into tbl_address_parts (address_part_id,physical_address_id,value,type,lang) values (66152,8936,'Asturias','Provincia',null);
insert into tbl_address_parts (address_part_id,physical_address_id,value,type,lang) values (66153,8937,'Asturias','Provincia',null);
insert into tbl_address_parts (address_part_id,physical_address_id,value,type,lang) values (66154,8938,'Asturias','Provincia',null);
insert into tbl_address_parts (address_part_id,physical_address_id,value,type,lang) values (66155,8939,'Asturias','Provincia',null);
insert into tbl_address_parts (address_part_id,physical_address_id,value,type,lang) values (66156,8940,'Asturias','Provincia',null);
insert into tbl_address_parts (address_part_id,physical_address_id,value,type,lang) values (66157,8941,'Asturias','Provincia',null);
insert into tbl_address_parts (address_part_id,physical_address_id,value,type,lang) values (66158,8942,'Asturias','Provincia',null);
insert into tbl_address_parts (address_part_id,physical_address_id,value,type,lang) values (66159,8943,'Asturias','Provincia',null);
insert into tbl_address_parts (address_part_id,physical_address_id,value,type,lang) values (66160,8944,'Asturias','Provincia',null);
insert into tbl_address_parts (address_part_id,physical_address_id,value,type,lang) values (66161,8945,'Asturias','Provincia',null);
insert into tbl_address_parts (address_part_id,physical_address_id,value,type,lang) values (66162,8946,'Asturias','Provincia',null);
insert into tbl_address_parts (address_part_id,physical_address_id,value,type,lang) values (66163,8947,'Asturias','Provincia',null);
insert into tbl_address_parts (address_part_id,physical_address_id,value,type,lang) values (66164,8948,'Asturias','Provincia',null);
insert into tbl_address_parts (address_part_id,physical_address_id,value,type,lang) values (66165,8949,'Asturias','Provincia',null);
insert into tbl_address_parts (address_part_id,physical_address_id,value,type,lang) values (66166,8950,'Asturias','Provincia',null);
insert into tbl_address_parts (address_part_id,physical_address_id,value,type,lang) values (66167,8951,'Asturias','Provincia',null);
insert into tbl_address_parts (address_part_id,physical_address_id,value,type,lang) values (66168,8952,'Asturias','Provincia',null);
insert into tbl_address_parts (address_part_id,physical_address_id,value,type,lang) values (66169,8953,'Asturias','Provincia',null);
insert into tbl_address_parts (address_part_id,physical_address_id,value,type,lang) values (66170,8954,'Asturias','Provincia',null);
insert into tbl_address_parts (address_part_id,physical_address_id,value,type,lang) values (66171,8933,'Zaragoza','Provincia',null);
insert into tbl_address_parts (address_part_id,physical_address_id,value,type,lang) values (66172,8928,'Fraga','Municipio',null);
insert into tbl_address_parts (address_part_id,physical_address_id,value,type,lang) values (66173,8929,'Fraga','Municipio',null);
insert into tbl_address_parts (address_part_id,physical_address_id,value,type,lang) values (66174,8932,'Fraga','Municipio',null);
insert into tbl_address_parts (address_part_id,physical_address_id,value,type,lang) values (66175,8955,'Calle','Vía',null);
insert into tbl_address_parts (address_part_id,physical_address_id,value,type,lang) values (66176,8956,'Calle','Vía',null);
insert into tbl_address_parts (address_part_id,physical_address_id,value,type,lang) values (66177,8957,'Plaza','Vía',null);
insert into tbl_address_parts (address_part_id,physical_address_id,value,type,lang) values (66178,8959,'Avenida','Vía',null);
insert into tbl_address_parts (address_part_id,physical_address_id,value,type,lang) values (66179,8960,'Parque','Vía',null);
insert into tbl_address_parts (address_part_id,physical_address_id,value,type,lang) values (66180,8961,'Calle','Vía',null);
insert into tbl_address_parts (address_part_id,physical_address_id,value,type,lang) values (66181,8962,'Plaza','Vía',null);
insert into tbl_address_parts (address_part_id,physical_address_id,value,type,lang) values (66182,8963,'Calle','Vía',null);
insert into tbl_address_parts (address_part_id,physical_address_id,value,type,lang) values (66183,8964,'Calle','Vía',null);
insert into tbl_address_parts (address_part_id,physical_address_id,value,type,lang) values (66184,8965,'Calle','Vía',null);
insert into tbl_address_parts (address_part_id,physical_address_id,value,type,lang) values (66185,8966,'Plaza','Vía',null);
insert into tbl_address_parts (address_part_id,physical_address_id,value,type,lang) values (66186,8967,'Calle','Vía',null);
insert into tbl_address_parts (address_part_id,physical_address_id,value,type,lang) values (66187,8968,'Plaza','Vía',null);
insert into tbl_address_parts (address_part_id,physical_address_id,value,type,lang) values (66188,8969,'Avenida','Vía',null);
insert into tbl_address_parts (address_part_id,physical_address_id,value,type,lang) values (66189,8970,'Calle','Vía',null);
insert into tbl_address_parts (address_part_id,physical_address_id,value,type,lang) values (66190,8955,'San José de Calasanz','Dirección',null);
insert into tbl_address_parts (address_part_id,physical_address_id,value,type,lang) values (66191,8956,'Constitución','Dirección',null);
insert into tbl_address_parts (address_part_id,physical_address_id,value,type,lang) values (66192,8957,'Álvarez Acebal','Dirección',null);
insert into tbl_address_parts (address_part_id,physical_address_id,value,type,lang) values (66193,8958,'Carreña de Cabrales','Dirección',null);
insert into tbl_address_parts (address_part_id,physical_address_id,value,type,lang) values (66194,8959,'Eysines','Dirección',null);
insert into tbl_address_parts (address_part_id,physical_address_id,value,type,lang) values (66195,8960,'Vicente Loriente','Dirección',null);
insert into tbl_address_parts (address_part_id,physical_address_id,value,type,lang) values (66196,8961,'La Libertad','Dirección',null);
insert into tbl_address_parts (address_part_id,physical_address_id,value,type,lang) values (66197,8962,'de Eduardo Merediz','Dirección',null);
insert into tbl_address_parts (address_part_id,physical_address_id,value,type,lang) values (66198,8963,'Posada Herrera','Dirección',null);
insert into tbl_address_parts (address_part_id,physical_address_id,value,type,lang) values (66199,8964,'Manuel Llaneza','Dirección',null);
insert into tbl_address_parts (address_part_id,physical_address_id,value,type,lang) values (66200,8965,'Quintana','Dirección',null);
insert into tbl_address_parts (address_part_id,physical_address_id,value,type,lang) values (66201,8966,'de la Pontona','Dirección',null);
insert into tbl_address_parts (address_part_id,physical_address_id,value,type,lang) values (66202,8967,'Mayor','Dirección',null);
insert into tbl_address_parts (address_part_id,physical_address_id,value,type,lang) values (66203,8968,'de España','Dirección',null);
insert into tbl_address_parts (address_part_id,physical_address_id,value,type,lang) values (66204,8969,'Miguel Servet','Dirección',null);
insert into tbl_address_parts (address_part_id,physical_address_id,value,type,lang) values (66205,8970,'Jovellanos','Dirección',null);
insert into tbl_address_parts (address_part_id,physical_address_id,value,type,lang) values (66206,8955,'12','Número',null);
insert into tbl_address_parts (address_part_id,physical_address_id,value,type,lang) values (66207,8956,'31','Número',null);
insert into tbl_address_parts (address_part_id,physical_address_id,value,type,lang) values (66208,8957,'2','Número',null);
insert into tbl_address_parts (address_part_id,physical_address_id,value,type,lang) values (66209,8959,'21','Número',null);
insert into tbl_address_parts (address_part_id,physical_address_id,value,type,lang) values (66210,8960,'s/n','Número',null);
insert into tbl_address_parts (address_part_id,physical_address_id,value,type,lang) values (66211,8961,'s/n','Número',null);
insert into tbl_address_parts (address_part_id,physical_address_id,value,type,lang) values (66212,8962,'s/n','Número',null);
insert into tbl_address_parts (address_part_id,physical_address_id,value,type,lang) values (66213,8963,'s/n','Número',null);
insert into tbl_address_parts (address_part_id,physical_address_id,value,type,lang) values (66214,8964,'8','Número',null);
insert into tbl_address_parts (address_part_id,physical_address_id,value,type,lang) values (66215,8965,'6 - 9','Número',null);
insert into tbl_address_parts (address_part_id,physical_address_id,value,type,lang) values (66216,8967,'13 - 15','Número',null);
insert into tbl_address_parts (address_part_id,physical_address_id,value,type,lang) values (66217,8968,'s/n','Número',null);
insert into tbl_address_parts (address_part_id,physical_address_id,value,type,lang) values (66218,8969,'57','Número',null);
insert into tbl_address_parts (address_part_id,physical_address_id,value,type,lang) values (66219,8970,'23','Número',null);
insert into tbl_address_parts (address_part_id,physical_address_id,value,type,lang) values (66220,8955,'22520','DistritoPostal',null);
insert into tbl_address_parts (address_part_id,physical_address_id,value,type,lang) values (66221,8956,'33670','DistritoPostal',null);
insert into tbl_address_parts (address_part_id,physical_address_id,value,type,lang) values (66222,8957,'33402','DistritoPostal',null);
insert into tbl_address_parts (address_part_id,physical_address_id,value,type,lang) values (66223,8958,'33555','DistritoPostal',null);
insert into tbl_address_parts (address_part_id,physical_address_id,value,type,lang) values (66224,8959,'33450','DistritoPostal',null);
insert into tbl_address_parts (address_part_id,physical_address_id,value,type,lang) values (66225,8960,'33760','DistritoPostal',null);
insert into tbl_address_parts (address_part_id,physical_address_id,value,type,lang) values (66226,8961,'33400','DistritoPostal',null);
insert into tbl_address_parts (address_part_id,physical_address_id,value,type,lang) values (66227,8962,'33930','DistritoPostal',null);
insert into tbl_address_parts (address_part_id,physical_address_id,value,type,lang) values (66228,8963,'33500','DistritoPostal',null);
insert into tbl_address_parts (address_part_id,physical_address_id,value,type,lang) values (66229,8964,'33600','DistritoPostal',null);
insert into tbl_address_parts (address_part_id,physical_address_id,value,type,lang) values (66230,8965,'33009','DistritoPostal',null);
insert into tbl_address_parts (address_part_id,physical_address_id,value,type,lang) values (66231,8966,'33980','DistritoPostal',null);
insert into tbl_address_parts (address_part_id,physical_address_id,value,type,lang) values (66232,8967,'44600','DistritoPostal',null);
insert into tbl_address_parts (address_part_id,physical_address_id,value,type,lang) values (66233,8968,'50660','DistritoPostal',null);
insert into tbl_address_parts (address_part_id,physical_address_id,value,type,lang) values (66234,8969,'50013','DistritoPostal',null);
insert into tbl_address_parts (address_part_id,physical_address_id,value,type,lang) values (66235,8970,'33206','DistritoPostal',null);
insert into tbl_address_parts (address_part_id,physical_address_id,value,type,lang) values (66236,8955,'España','País',null);
insert into tbl_address_parts (address_part_id,physical_address_id,value,type,lang) values (66237,8956,'España','País',null);
insert into tbl_address_parts (address_part_id,physical_address_id,value,type,lang) values (66238,8957,'España','País',null);
insert into tbl_address_parts (address_part_id,physical_address_id,value,type,lang) values (66239,8958,'España','País',null);
insert into tbl_address_parts (address_part_id,physical_address_id,value,type,lang) values (66240,8959,'España','País',null);
insert into tbl_address_parts (address_part_id,physical_address_id,value,type,lang) values (66241,8960,'España','País',null);
insert into tbl_address_parts (address_part_id,physical_address_id,value,type,lang) values (66242,8961,'España','País',null);
insert into tbl_address_parts (address_part_id,physical_address_id,value,type,lang) values (66243,8962,'España','País',null);
insert into tbl_address_parts (address_part_id,physical_address_id,value,type,lang) values (66244,8963,'España','País',null);
insert into tbl_address_parts (address_part_id,physical_address_id,value,type,lang) values (66245,8964,'España','País',null);
insert into tbl_address_parts (address_part_id,physical_address_id,value,type,lang) values (66246,8965,'España','País',null);
insert into tbl_address_parts (address_part_id,physical_address_id,value,type,lang) values (66247,8966,'España','País',null);
insert into tbl_address_parts (address_part_id,physical_address_id,value,type,lang) values (66248,8967,'España','País',null);
insert into tbl_address_parts (address_part_id,physical_address_id,value,type,lang) values (66249,8968,'España','País',null);
insert into tbl_address_parts (address_part_id,physical_address_id,value,type,lang) values (66250,8969,'España','País',null);
insert into tbl_address_parts (address_part_id,physical_address_id,value,type,lang) values (66251,8970,'España','País',null);
insert into tbl_address_parts (address_part_id,physical_address_id,value,type,lang) values (66252,8955,'Aragón','CA',null);
insert into tbl_address_parts (address_part_id,physical_address_id,value,type,lang) values (66253,8956,'Principado de Asturias','CA',null);
insert into tbl_address_parts (address_part_id,physical_address_id,value,type,lang) values (66254,8957,'Principado de Asturias','CA',null);
insert into tbl_address_parts (address_part_id,physical_address_id,value,type,lang) values (66255,8958,'Principado de Asturias','CA',null);
insert into tbl_address_parts (address_part_id,physical_address_id,value,type,lang) values (66256,8959,'Principado de Asturias','CA',null);
insert into tbl_address_parts (address_part_id,physical_address_id,value,type,lang) values (66257,8960,'Principado de Asturias','CA',null);
insert into tbl_address_parts (address_part_id,physical_address_id,value,type,lang) values (66258,8961,'Principado de Asturias','CA',null);
insert into tbl_address_parts (address_part_id,physical_address_id,value,type,lang) values (66259,8962,'Principado de Asturias','CA',null);
insert into tbl_address_parts (address_part_id,physical_address_id,value,type,lang) values (66260,8963,'Principado de Asturias','CA',null);
insert into tbl_address_parts (address_part_id,physical_address_id,value,type,lang) values (66261,8964,'Principado de Asturias','CA',null);
insert into tbl_address_parts (address_part_id,physical_address_id,value,type,lang) values (66262,8965,'Principado de Asturias','CA',null);
insert into tbl_address_parts (address_part_id,physical_address_id,value,type,lang) values (66263,8966,'Principado de Asturias','CA',null);
insert into tbl_address_parts (address_part_id,physical_address_id,value,type,lang) values (66264,8967,'Aragón','CA',null);
insert into tbl_address_parts (address_part_id,physical_address_id,value,type,lang) values (66265,8968,'Aragón','CA',null);
insert into tbl_address_parts (address_part_id,physical_address_id,value,type,lang) values (66266,8969,'Aragón','CA',null);
insert into tbl_address_parts (address_part_id,physical_address_id,value,type,lang) values (66267,8970,'Principado de Asturias','CA',null);
insert into tbl_address_parts (address_part_id,physical_address_id,value,type,lang) values (66268,8955,'Huesca','Provincia',null);
insert into tbl_address_parts (address_part_id,physical_address_id,value,type,lang) values (66269,8956,'Asturias','Provincia',null);
insert into tbl_address_parts (address_part_id,physical_address_id,value,type,lang) values (66270,8957,'Asturias','Provincia',null);
insert into tbl_address_parts (address_part_id,physical_address_id,value,type,lang) values (66271,8958,'Asturias','Provincia',null);
insert into tbl_address_parts (address_part_id,physical_address_id,value,type,lang) values (66272,8959,'Asturias','Provincia',null);
insert into tbl_address_parts (address_part_id,physical_address_id,value,type,lang) values (66273,8960,'Asturias','Provincia',null);
insert into tbl_address_parts (address_part_id,physical_address_id,value,type,lang) values (66274,8961,'Asturias','Provincia',null);
insert into tbl_address_parts (address_part_id,physical_address_id,value,type,lang) values (66275,8962,'Asturias','Provincia',null);
insert into tbl_address_parts (address_part_id,physical_address_id,value,type,lang) values (66276,8963,'Asturias','Provincia',null);
insert into tbl_address_parts (address_part_id,physical_address_id,value,type,lang) values (66277,8964,'Asturias','Provincia',null);
insert into tbl_address_parts (address_part_id,physical_address_id,value,type,lang) values (66278,8965,'Asturias','Provincia',null);
insert into tbl_address_parts (address_part_id,physical_address_id,value,type,lang) values (66279,8966,'Asturias','Provincia',null);
insert into tbl_address_parts (address_part_id,physical_address_id,value,type,lang) values (66280,8967,'Teruel','Provincia',null);
insert into tbl_address_parts (address_part_id,physical_address_id,value,type,lang) values (66281,8968,'Zaragoza','Provincia',null);
insert into tbl_address_parts (address_part_id,physical_address_id,value,type,lang) values (66282,8969,'Zaragoza','Provincia',null);
insert into tbl_address_parts (address_part_id,physical_address_id,value,type,lang) values (66283,8970,'Asturias','Provincia',null);
insert into tbl_address_parts (address_part_id,physical_address_id,value,type,lang) values (66284,8955,'Fraga','Municipio',null);

insert into tbl_relations (relation_id,registry_object_key,related_registry_object_key) values (155,8961,8934);
insert into tbl_relations (relation_id,registry_object_key,related_registry_object_key) values (156,8961,8935);
insert into tbl_relations (relation_id,registry_object_key,related_registry_object_key) values (157,8961,8938);
insert into tbl_relations (relation_id,registry_object_key,related_registry_object_key) values (158,8962,8942);
insert into tbl_relations (relation_id,registry_object_key,related_registry_object_key) values (159,8962,8943);
insert into tbl_relations (relation_id,registry_object_key,related_registry_object_key) values (160,8963,8944);
insert into tbl_relations (relation_id,registry_object_key,related_registry_object_key) values (161,8963,8949);
insert into tbl_relations (relation_id,registry_object_key,related_registry_object_key) values (162,8964,8945);
insert into tbl_relations (relation_id,registry_object_key,related_registry_object_key) values (163,8965,8946);
insert into tbl_relations (relation_id,registry_object_key,related_registry_object_key) values (164,8966,8947);
insert into tbl_relations (relation_id,registry_object_key,related_registry_object_key) values (165,8967,8948);
insert into tbl_relations (relation_id,registry_object_key,related_registry_object_key) values (166,8968,8956);
insert into tbl_relations (relation_id,registry_object_key,related_registry_object_key) values (167,8969,8959);
insert into tbl_relations (relation_id,registry_object_key,related_registry_object_key) values (168,8970,8960);
insert into tbl_relations (relation_id,registry_object_key,related_registry_object_key) values (169,8971,8941);
insert into tbl_relations (relation_id,registry_object_key,related_registry_object_key) values (170,8972,8957);
insert into tbl_relations (relation_id,registry_object_key,related_registry_object_key) values (171,8972,8958);
insert into tbl_relations (relation_id,registry_object_key,related_registry_object_key) values (172,8973,8936);
insert into tbl_relations (relation_id,registry_object_key,related_registry_object_key) values (173,8973,8937);
insert into tbl_relations (relation_id,registry_object_key,related_registry_object_key) values (174,8974,8939);
insert into tbl_relations (relation_id,registry_object_key,related_registry_object_key) values (175,8974,8940);
insert into tbl_relations (relation_id,registry_object_key,related_registry_object_key) values (176,8975,8911);
insert into tbl_relations (relation_id,registry_object_key,related_registry_object_key) values (177,8975,8912);
insert into tbl_relations (relation_id,registry_object_key,related_registry_object_key) values (178,8975,8913);
insert into tbl_relations (relation_id,registry_object_key,related_registry_object_key) values (179,8975,8914);
insert into tbl_relations (relation_id,registry_object_key,related_registry_object_key) values (180,8975,8915);
insert into tbl_relations (relation_id,registry_object_key,related_registry_object_key) values (181,8975,8916);
insert into tbl_relations (relation_id,registry_object_key,related_registry_object_key) values (182,8975,8917);
insert into tbl_relations (relation_id,registry_object_key,related_registry_object_key) values (183,8975,8918);
insert into tbl_relations (relation_id,registry_object_key,related_registry_object_key) values (184,8975,8919);
insert into tbl_relations (relation_id,registry_object_key,related_registry_object_key) values (185,8975,8920);
insert into tbl_relations (relation_id,registry_object_key,related_registry_object_key) values (186,8975,8921);
insert into tbl_relations (relation_id,registry_object_key,related_registry_object_key) values (187,8975,8922);
insert into tbl_relations (relation_id,registry_object_key,related_registry_object_key) values (188,8975,8923);
insert into tbl_relations (relation_id,registry_object_key,related_registry_object_key) values (189,8975,8924);
insert into tbl_relations (relation_id,registry_object_key,related_registry_object_key) values (190,8975,8925);
insert into tbl_relations (relation_id,registry_object_key,related_registry_object_key) values (191,8975,8926);
insert into tbl_relations (relation_id,registry_object_key,related_registry_object_key) values (192,8975,8927);
insert into tbl_relations (relation_id,registry_object_key,related_registry_object_key) values (193,8975,8928);
insert into tbl_relations (relation_id,registry_object_key,related_registry_object_key) values (194,8975,8929);
insert into tbl_relations (relation_id,registry_object_key,related_registry_object_key) values (195,8975,8930);
insert into tbl_relations (relation_id,registry_object_key,related_registry_object_key) values (196,8975,8931);
insert into tbl_relations (relation_id,registry_object_key,related_registry_object_key) values (197,8975,8932);
insert into tbl_relations (relation_id,registry_object_key,related_registry_object_key) values (198,8975,8933);
insert into tbl_relations (relation_id,registry_object_key,related_registry_object_key) values (199,8976,8950);
insert into tbl_relations (relation_id,registry_object_key,related_registry_object_key) values (200,8976,8951);
insert into tbl_relations (relation_id,registry_object_key,related_registry_object_key) values (201,8976,8952);
insert into tbl_relations (relation_id,registry_object_key,related_registry_object_key) values (202,8976,8953);
insert into tbl_relations (relation_id,registry_object_key,related_registry_object_key) values (203,8976,8954);
insert into tbl_relations (relation_id,registry_object_key,related_registry_object_key) values (204,8976,8955);
insert into tbl_relations (relation_id,registry_object_key,related_registry_object_key) values (205,8911,8975);
insert into tbl_relations (relation_id,registry_object_key,related_registry_object_key) values (206,8912,8975);
insert into tbl_relations (relation_id,registry_object_key,related_registry_object_key) values (207,8913,8975);
insert into tbl_relations (relation_id,registry_object_key,related_registry_object_key) values (208,8914,8975);
insert into tbl_relations (relation_id,registry_object_key,related_registry_object_key) values (209,8915,8975);
insert into tbl_relations (relation_id,registry_object_key,related_registry_object_key) values (210,8916,8975);
insert into tbl_relations (relation_id,registry_object_key,related_registry_object_key) values (211,8917,8975);
insert into tbl_relations (relation_id,registry_object_key,related_registry_object_key) values (212,8918,8975);
insert into tbl_relations (relation_id,registry_object_key,related_registry_object_key) values (213,8919,8975);
insert into tbl_relations (relation_id,registry_object_key,related_registry_object_key) values (214,8920,8975);
insert into tbl_relations (relation_id,registry_object_key,related_registry_object_key) values (215,8921,8975);
insert into tbl_relations (relation_id,registry_object_key,related_registry_object_key) values (216,8922,8975);
insert into tbl_relations (relation_id,registry_object_key,related_registry_object_key) values (217,8923,8975);
insert into tbl_relations (relation_id,registry_object_key,related_registry_object_key) values (218,8924,8975);
insert into tbl_relations (relation_id,registry_object_key,related_registry_object_key) values (219,8925,8975);
insert into tbl_relations (relation_id,registry_object_key,related_registry_object_key) values (220,8926,8975);
insert into tbl_relations (relation_id,registry_object_key,related_registry_object_key) values (221,8927,8975);
insert into tbl_relations (relation_id,registry_object_key,related_registry_object_key) values (222,8928,8975);
insert into tbl_relations (relation_id,registry_object_key,related_registry_object_key) values (223,8929,8975);
insert into tbl_relations (relation_id,registry_object_key,related_registry_object_key) values (224,8930,8975);
insert into tbl_relations (relation_id,registry_object_key,related_registry_object_key) values (225,8931,8975);
insert into tbl_relations (relation_id,registry_object_key,related_registry_object_key) values (226,8932,8975);
insert into tbl_relations (relation_id,registry_object_key,related_registry_object_key) values (227,8933,8975);
insert into tbl_relations (relation_id,registry_object_key,related_registry_object_key) values (228,8934,8961);
insert into tbl_relations (relation_id,registry_object_key,related_registry_object_key) values (229,8935,8961);
insert into tbl_relations (relation_id,registry_object_key,related_registry_object_key) values (230,8936,8973);
insert into tbl_relations (relation_id,registry_object_key,related_registry_object_key) values (231,8937,8973);
insert into tbl_relations (relation_id,registry_object_key,related_registry_object_key) values (232,8938,8961);
insert into tbl_relations (relation_id,registry_object_key,related_registry_object_key) values (233,8939,8974);
insert into tbl_relations (relation_id,registry_object_key,related_registry_object_key) values (234,8940,8974);
insert into tbl_relations (relation_id,registry_object_key,related_registry_object_key) values (235,8941,8971);
insert into tbl_relations (relation_id,registry_object_key,related_registry_object_key) values (236,8942,8962);
insert into tbl_relations (relation_id,registry_object_key,related_registry_object_key) values (237,8943,8962);
insert into tbl_relations (relation_id,registry_object_key,related_registry_object_key) values (238,8944,8963);
insert into tbl_relations (relation_id,registry_object_key,related_registry_object_key) values (239,8945,8964);
insert into tbl_relations (relation_id,registry_object_key,related_registry_object_key) values (240,8946,8965);
insert into tbl_relations (relation_id,registry_object_key,related_registry_object_key) values (241,8947,8966);
insert into tbl_relations (relation_id,registry_object_key,related_registry_object_key) values (242,8948,8967);
insert into tbl_relations (relation_id,registry_object_key,related_registry_object_key) values (243,8949,8963);
insert into tbl_relations (relation_id,registry_object_key,related_registry_object_key) values (244,8950,8976);
insert into tbl_relations (relation_id,registry_object_key,related_registry_object_key) values (245,8951,8976);
insert into tbl_relations (relation_id,registry_object_key,related_registry_object_key) values (246,8952,8976);
insert into tbl_relations (relation_id,registry_object_key,related_registry_object_key) values (247,8953,8976);
insert into tbl_relations (relation_id,registry_object_key,related_registry_object_key) values (248,8954,8976);
insert into tbl_relations (relation_id,registry_object_key,related_registry_object_key) values (249,8955,8976);
insert into tbl_relations (relation_id,registry_object_key,related_registry_object_key) values (250,8956,8968);
insert into tbl_relations (relation_id,registry_object_key,related_registry_object_key) values (251,8957,8972);
insert into tbl_relations (relation_id,registry_object_key,related_registry_object_key) values (252,8958,8972);
insert into tbl_relations (relation_id,registry_object_key,related_registry_object_key) values (253,8959,8969);
insert into tbl_relations (relation_id,registry_object_key,related_registry_object_key) values (254,8960,8970);

insert into tbl_relation_descriptions (relation_description_id,relation_id,description,type,lang,url) values (155,155,'Punto de Servicio','Dependencia',null,null);
insert into tbl_relation_descriptions (relation_description_id,relation_id,description,type,lang,url) values (156,156,'Punto de Servicio','Dependencia',null,null);
insert into tbl_relation_descriptions (relation_description_id,relation_id,description,type,lang,url) values (157,157,'Punto de Servicio','Dependencia',null,null);
insert into tbl_relation_descriptions (relation_description_id,relation_id,description,type,lang,url) values (158,158,'Punto de Servicio','Dependencia',null,null);
insert into tbl_relation_descriptions (relation_description_id,relation_id,description,type,lang,url) values (159,159,'Punto de Servicio','Dependencia',null,null);
insert into tbl_relation_descriptions (relation_description_id,relation_id,description,type,lang,url) values (160,160,'Punto de Servicio','Dependencia',null,null);
insert into tbl_relation_descriptions (relation_description_id,relation_id,description,type,lang,url) values (161,161,'Punto de Servicio','Dependencia',null,null);
insert into tbl_relation_descriptions (relation_description_id,relation_id,description,type,lang,url) values (162,162,'Punto de Servicio','Dependencia',null,null);
insert into tbl_relation_descriptions (relation_description_id,relation_id,description,type,lang,url) values (163,163,'Punto de Servicio','Dependencia',null,null);
insert into tbl_relation_descriptions (relation_description_id,relation_id,description,type,lang,url) values (164,164,'Punto de Servicio','Dependencia',null,null);
insert into tbl_relation_descriptions (relation_description_id,relation_id,description,type,lang,url) values (165,165,'Punto de Servicio','Dependencia',null,null);
insert into tbl_relation_descriptions (relation_description_id,relation_id,description,type,lang,url) values (166,166,'Punto de Servicio','Dependencia',null,null);
insert into tbl_relation_descriptions (relation_description_id,relation_id,description,type,lang,url) values (167,167,'Punto de Servicio','Dependencia',null,null);
insert into tbl_relation_descriptions (relation_description_id,relation_id,description,type,lang,url) values (168,168,'Punto de Servicio','Dependencia',null,null);
insert into tbl_relation_descriptions (relation_description_id,relation_id,description,type,lang,url) values (169,169,'Punto de Servicio','Dependencia',null,null);
insert into tbl_relation_descriptions (relation_description_id,relation_id,description,type,lang,url) values (170,170,'Punto de Servicio','Dependencia',null,null);
insert into tbl_relation_descriptions (relation_description_id,relation_id,description,type,lang,url) values (171,171,'Punto de Servicio','Dependencia',null,null);
insert into tbl_relation_descriptions (relation_description_id,relation_id,description,type,lang,url) values (172,172,'Punto de Servicio','Dependencia',null,null);
insert into tbl_relation_descriptions (relation_description_id,relation_id,description,type,lang,url) values (173,173,'Punto de Servicio','Dependencia',null,null);
insert into tbl_relation_descriptions (relation_description_id,relation_id,description,type,lang,url) values (174,174,'Punto de Servicio','Dependencia',null,null);
insert into tbl_relation_descriptions (relation_description_id,relation_id,description,type,lang,url) values (175,175,'Punto de Servicio','Dependencia',null,null);
insert into tbl_relation_descriptions (relation_description_id,relation_id,description,type,lang,url) values (176,176,'Punto de Servicio','Dependencia',null,null);
insert into tbl_relation_descriptions (relation_description_id,relation_id,description,type,lang,url) values (177,177,'Punto de Servicio','Dependencia',null,null);
insert into tbl_relation_descriptions (relation_description_id,relation_id,description,type,lang,url) values (178,178,'Punto de Servicio','Dependencia',null,null);
insert into tbl_relation_descriptions (relation_description_id,relation_id,description,type,lang,url) values (179,179,'Punto de Servicio','Dependencia',null,null);
insert into tbl_relation_descriptions (relation_description_id,relation_id,description,type,lang,url) values (180,180,'Punto de Servicio','Dependencia',null,null);
insert into tbl_relation_descriptions (relation_description_id,relation_id,description,type,lang,url) values (181,181,'Punto de Servicio','Dependencia',null,null);
insert into tbl_relation_descriptions (relation_description_id,relation_id,description,type,lang,url) values (182,182,'Punto de Servicio','Dependencia',null,null);
insert into tbl_relation_descriptions (relation_description_id,relation_id,description,type,lang,url) values (183,183,'Punto de Servicio','Dependencia',null,null);
insert into tbl_relation_descriptions (relation_description_id,relation_id,description,type,lang,url) values (184,184,'Punto de Servicio','Dependencia',null,null);
insert into tbl_relation_descriptions (relation_description_id,relation_id,description,type,lang,url) values (185,185,'Punto de Servicio','Dependencia',null,null);
insert into tbl_relation_descriptions (relation_description_id,relation_id,description,type,lang,url) values (186,186,'Punto de Servicio','Dependencia',null,null);
insert into tbl_relation_descriptions (relation_description_id,relation_id,description,type,lang,url) values (187,187,'Punto de Servicio','Dependencia',null,null);
insert into tbl_relation_descriptions (relation_description_id,relation_id,description,type,lang,url) values (188,188,'Punto de Servicio','Dependencia',null,null);
insert into tbl_relation_descriptions (relation_description_id,relation_id,description,type,lang,url) values (189,189,'Punto de Servicio','Dependencia',null,null);
insert into tbl_relation_descriptions (relation_description_id,relation_id,description,type,lang,url) values (190,190,'Punto de Servicio','Dependencia',null,null);
insert into tbl_relation_descriptions (relation_description_id,relation_id,description,type,lang,url) values (191,191,'Punto de Servicio','Dependencia',null,null);
insert into tbl_relation_descriptions (relation_description_id,relation_id,description,type,lang,url) values (192,192,'Punto de Servicio','Dependencia',null,null);
insert into tbl_relation_descriptions (relation_description_id,relation_id,description,type,lang,url) values (193,193,'Punto de Servicio','Dependencia',null,null);
insert into tbl_relation_descriptions (relation_description_id,relation_id,description,type,lang,url) values (194,194,'Punto de Servicio','Dependencia',null,null);
insert into tbl_relation_descriptions (relation_description_id,relation_id,description,type,lang,url) values (195,195,'Punto de Servicio','Dependencia',null,null);
insert into tbl_relation_descriptions (relation_description_id,relation_id,description,type,lang,url) values (196,196,'Punto de Servicio','Dependencia',null,null);
insert into tbl_relation_descriptions (relation_description_id,relation_id,description,type,lang,url) values (197,197,'Punto de Servicio','Dependencia',null,null);
insert into tbl_relation_descriptions (relation_description_id,relation_id,description,type,lang,url) values (198,198,'Punto de Servicio','Dependencia',null,null);
insert into tbl_relation_descriptions (relation_description_id,relation_id,description,type,lang,url) values (199,199,'Punto de Servicio','Dependencia',null,null);
insert into tbl_relation_descriptions (relation_description_id,relation_id,description,type,lang,url) values (200,200,'Punto de Servicio','Dependencia',null,null);
insert into tbl_relation_descriptions (relation_description_id,relation_id,description,type,lang,url) values (201,201,'Punto de Servicio','Dependencia',null,null);
insert into tbl_relation_descriptions (relation_description_id,relation_id,description,type,lang,url) values (202,202,'Punto de Servicio','Dependencia',null,null);
insert into tbl_relation_descriptions (relation_description_id,relation_id,description,type,lang,url) values (203,203,'Punto de Servicio','Dependencia',null,null);
insert into tbl_relation_descriptions (relation_description_id,relation_id,description,type,lang,url) values (204,204,'Punto de Servicio','Dependencia',null,null);
insert into tbl_relation_descriptions (relation_description_id,relation_id,description,type,lang,url) values (205,205,'Unidad Administrativa','Dependencia',null,null);
insert into tbl_relation_descriptions (relation_description_id,relation_id,description,type,lang,url) values (206,206,'Unidad Administrativa','Dependencia',null,null);
insert into tbl_relation_descriptions (relation_description_id,relation_id,description,type,lang,url) values (207,207,'Unidad Administrativa','Dependencia',null,null);
insert into tbl_relation_descriptions (relation_description_id,relation_id,description,type,lang,url) values (208,208,'Unidad Administrativa','Dependencia',null,null);
insert into tbl_relation_descriptions (relation_description_id,relation_id,description,type,lang,url) values (209,209,'Unidad Administrativa','Dependencia',null,null);
insert into tbl_relation_descriptions (relation_description_id,relation_id,description,type,lang,url) values (210,210,'Unidad Administrativa','Dependencia',null,null);
insert into tbl_relation_descriptions (relation_description_id,relation_id,description,type,lang,url) values (211,211,'Unidad Administrativa','Dependencia',null,null);
insert into tbl_relation_descriptions (relation_description_id,relation_id,description,type,lang,url) values (212,212,'Unidad Administrativa','Dependencia',null,null);
insert into tbl_relation_descriptions (relation_description_id,relation_id,description,type,lang,url) values (213,213,'Unidad Administrativa','Dependencia',null,null);
insert into tbl_relation_descriptions (relation_description_id,relation_id,description,type,lang,url) values (214,214,'Unidad Administrativa','Dependencia',null,null);
insert into tbl_relation_descriptions (relation_description_id,relation_id,description,type,lang,url) values (215,215,'Unidad Administrativa','Dependencia',null,null);
insert into tbl_relation_descriptions (relation_description_id,relation_id,description,type,lang,url) values (216,216,'Unidad Administrativa','Dependencia',null,null);
insert into tbl_relation_descriptions (relation_description_id,relation_id,description,type,lang,url) values (217,217,'Unidad Administrativa','Dependencia',null,null);
insert into tbl_relation_descriptions (relation_description_id,relation_id,description,type,lang,url) values (218,218,'Unidad Administrativa','Dependencia',null,null);
insert into tbl_relation_descriptions (relation_description_id,relation_id,description,type,lang,url) values (219,219,'Unidad Administrativa','Dependencia',null,null);
insert into tbl_relation_descriptions (relation_description_id,relation_id,description,type,lang,url) values (220,220,'Unidad Administrativa','Dependencia',null,null);
insert into tbl_relation_descriptions (relation_description_id,relation_id,description,type,lang,url) values (221,221,'Unidad Administrativa','Dependencia',null,null);
insert into tbl_relation_descriptions (relation_description_id,relation_id,description,type,lang,url) values (222,222,'Unidad Administrativa','Dependencia',null,null);
insert into tbl_relation_descriptions (relation_description_id,relation_id,description,type,lang,url) values (223,223,'Unidad Administrativa','Dependencia',null,null);
insert into tbl_relation_descriptions (relation_description_id,relation_id,description,type,lang,url) values (224,224,'Unidad Administrativa','Dependencia',null,null);
insert into tbl_relation_descriptions (relation_description_id,relation_id,description,type,lang,url) values (225,225,'Unidad Administrativa','Dependencia',null,null);
insert into tbl_relation_descriptions (relation_description_id,relation_id,description,type,lang,url) values (226,226,'Unidad Administrativa','Dependencia',null,null);
insert into tbl_relation_descriptions (relation_description_id,relation_id,description,type,lang,url) values (227,227,'Unidad Administrativa','Dependencia',null,null);
insert into tbl_relation_descriptions (relation_description_id,relation_id,description,type,lang,url) values (228,228,'Unidad Administrativa','Dependencia',null,null);
insert into tbl_relation_descriptions (relation_description_id,relation_id,description,type,lang,url) values (229,229,'Unidad Administrativa','Dependencia',null,null);
insert into tbl_relation_descriptions (relation_description_id,relation_id,description,type,lang,url) values (230,230,'Unidad Administrativa','Dependencia',null,null);
insert into tbl_relation_descriptions (relation_description_id,relation_id,description,type,lang,url) values (231,231,'Unidad Administrativa','Dependencia',null,null);
insert into tbl_relation_descriptions (relation_description_id,relation_id,description,type,lang,url) values (232,232,'Unidad Administrativa','Dependencia',null,null);
insert into tbl_relation_descriptions (relation_description_id,relation_id,description,type,lang,url) values (233,233,'Unidad Administrativa','Dependencia',null,null);
insert into tbl_relation_descriptions (relation_description_id,relation_id,description,type,lang,url) values (234,234,'Unidad Administrativa','Dependencia',null,null);
insert into tbl_relation_descriptions (relation_description_id,relation_id,description,type,lang,url) values (235,235,'Unidad Administrativa','Dependencia',null,null);
insert into tbl_relation_descriptions (relation_description_id,relation_id,description,type,lang,url) values (236,236,'Unidad Administrativa','Dependencia',null,null);
insert into tbl_relation_descriptions (relation_description_id,relation_id,description,type,lang,url) values (237,237,'Unidad Administrativa','Dependencia',null,null);
insert into tbl_relation_descriptions (relation_description_id,relation_id,description,type,lang,url) values (238,238,'Unidad Administrativa','Dependencia',null,null);
insert into tbl_relation_descriptions (relation_description_id,relation_id,description,type,lang,url) values (239,239,'Unidad Administrativa','Dependencia',null,null);
insert into tbl_relation_descriptions (relation_description_id,relation_id,description,type,lang,url) values (240,240,'Unidad Administrativa','Dependencia',null,null);
insert into tbl_relation_descriptions (relation_description_id,relation_id,description,type,lang,url) values (241,241,'Unidad Administrativa','Dependencia',null,null);
insert into tbl_relation_descriptions (relation_description_id,relation_id,description,type,lang,url) values (242,242,'Unidad Administrativa','Dependencia',null,null);
insert into tbl_relation_descriptions (relation_description_id,relation_id,description,type,lang,url) values (243,243,'Unidad Administrativa','Dependencia',null,null);
insert into tbl_relation_descriptions (relation_description_id,relation_id,description,type,lang,url) values (244,244,'Unidad Administrativa','Dependencia',null,null);
insert into tbl_relation_descriptions (relation_description_id,relation_id,description,type,lang,url) values (245,245,'Unidad Administrativa','Dependencia',null,null);
insert into tbl_relation_descriptions (relation_description_id,relation_id,description,type,lang,url) values (246,246,'Unidad Administrativa','Dependencia',null,null);
insert into tbl_relation_descriptions (relation_description_id,relation_id,description,type,lang,url) values (247,247,'Unidad Administrativa','Dependencia',null,null);
insert into tbl_relation_descriptions (relation_description_id,relation_id,description,type,lang,url) values (248,248,'Unidad Administrativa','Dependencia',null,null);
insert into tbl_relation_descriptions (relation_description_id,relation_id,description,type,lang,url) values (249,249,'Unidad Administrativa','Dependencia',null,null);
insert into tbl_relation_descriptions (relation_description_id,relation_id,description,type,lang,url) values (250,250,'Unidad Administrativa','Dependencia',null,null);
insert into tbl_relation_descriptions (relation_description_id,relation_id,description,type,lang,url) values (251,251,'Unidad Administrativa','Dependencia',null,null);
insert into tbl_relation_descriptions (relation_description_id,relation_id,description,type,lang,url) values (252,252,'Unidad Administrativa','Dependencia',null,null);
insert into tbl_relation_descriptions (relation_description_id,relation_id,description,type,lang,url) values (253,253,'Unidad Administrativa','Dependencia',null,null);
insert into tbl_relation_descriptions (relation_description_id,relation_id,description,type,lang,url) values (254,254,'Unidad Administrativa','Dependencia',null,null);

----
