
select * from tbl_registry_objects;
select * from tbl_identifiers;
select * from tbl_subjects;
select * from tbl_descriptions;
select * from tbl_complex_names;
select * from tbl_name_parts;
select * from tbl_related_info;
select * from tbl_locations;
select * from tbl_spatial_locations;
select * from tbl_address_locations;
select * from tbl_electronic_addresses;
select * from tbl_electronic_address_args;
select * from tbl_physical_addresses;
select * from tbl_address_parts;
select * from tbl_relations;
select * from tbl_relation_descriptions;

----

delete from tbl_relation_descriptions;
delete from tbl_relations;
delete from tbl_address_parts;
delete from tbl_physical_addresses;
delete from tbl_electronic_address_args;
delete from tbl_electronic_addresses;
delete from tbl_address_locations;
delete from tbl_spatial_locations;
delete from tbl_locations;
delete from tbl_related_info;
delete from tbl_name_parts;
delete from tbl_complex_names;
delete from tbl_descriptions;
delete from tbl_subjects;
delete from tbl_identifiers;
delete from tbl_registry_objects

----

INSERT INTO tbl_registry_objects (registry_object_key,registry_object_class,type,originating_source,originating_source_type) VALUES (8911,'party','Punto de servicio','AlziraII',NULL);
INSERT INTO tbl_registry_objects (registry_object_key,registry_object_class,type,originating_source,originating_source_type) VALUES (8912,'party','Punto de servicio','AlziraII',NULL);
INSERT INTO tbl_registry_objects (registry_object_key,registry_object_class,type,originating_source,originating_source_type) VALUES (8913,'party','Punto de servicio','AlziraII',NULL);
INSERT INTO tbl_registry_objects (registry_object_key,registry_object_class,type,originating_source,originating_source_type) VALUES (8914,'party','Punto de servicio','AlziraII',NULL);
INSERT INTO tbl_registry_objects (registry_object_key,registry_object_class,type,originating_source,originating_source_type) VALUES (8915,'party','Punto de servicio','AlziraII',NULL);
INSERT INTO tbl_registry_objects (registry_object_key,registry_object_class,type,originating_source,originating_source_type) VALUES (8916,'party','Punto de servicio','AlziraII',NULL);
INSERT INTO tbl_registry_objects (registry_object_key,registry_object_class,type,originating_source,originating_source_type) VALUES (8917,'party','Punto de servicio','AlziraII',NULL);
INSERT INTO tbl_registry_objects (registry_object_key,registry_object_class,type,originating_source,originating_source_type) VALUES (8918,'party','Punto de servicio','AlziraII',NULL);
INSERT INTO tbl_registry_objects (registry_object_key,registry_object_class,type,originating_source,originating_source_type) VALUES (8919,'party','Punto de servicio','AlziraII',NULL);
INSERT INTO tbl_registry_objects (registry_object_key,registry_object_class,type,originating_source,originating_source_type) VALUES (8920,'party','Punto de servicio','AlziraII',NULL);
INSERT INTO tbl_registry_objects (registry_object_key,registry_object_class,type,originating_source,originating_source_type) VALUES (8921,'party','Punto de servicio','AlziraII',NULL);
INSERT INTO tbl_registry_objects (registry_object_key,registry_object_class,type,originating_source,originating_source_type) VALUES (8922,'party','Punto de servicio','AlziraII',NULL);
INSERT INTO tbl_registry_objects (registry_object_key,registry_object_class,type,originating_source,originating_source_type) VALUES (8923,'party','Punto de servicio','AlziraII',NULL);
INSERT INTO tbl_registry_objects (registry_object_key,registry_object_class,type,originating_source,originating_source_type) VALUES (8924,'party','Punto de servicio','AlziraII',NULL);
INSERT INTO tbl_registry_objects (registry_object_key,registry_object_class,type,originating_source,originating_source_type) VALUES (8925,'party','Punto de servicio','AlziraII',NULL);
INSERT INTO tbl_registry_objects (registry_object_key,registry_object_class,type,originating_source,originating_source_type) VALUES (8926,'party','Punto de servicio','AlziraII',NULL);
INSERT INTO tbl_registry_objects (registry_object_key,registry_object_class,type,originating_source,originating_source_type) VALUES (8927,'party','Punto de servicio','AlziraII',NULL);
INSERT INTO tbl_registry_objects (registry_object_key,registry_object_class,type,originating_source,originating_source_type) VALUES (8928,'party','Punto de servicio','AlziraII',NULL);
INSERT INTO tbl_registry_objects (registry_object_key,registry_object_class,type,originating_source,originating_source_type) VALUES (8929,'party','Punto de servicio','AlziraII',NULL);
INSERT INTO tbl_registry_objects (registry_object_key,registry_object_class,type,originating_source,originating_source_type) VALUES (8930,'party','Punto de servicio','AlziraII',NULL);
INSERT INTO tbl_registry_objects (registry_object_key,registry_object_class,type,originating_source,originating_source_type) VALUES (8931,'party','Punto de servicio','AlziraII',NULL);
INSERT INTO tbl_registry_objects (registry_object_key,registry_object_class,type,originating_source,originating_source_type) VALUES (8932,'party','Punto de servicio','AlziraII',NULL);
INSERT INTO tbl_registry_objects (registry_object_key,registry_object_class,type,originating_source,originating_source_type) VALUES (8933,'party','Punto de servicio','AlziraII',NULL);
INSERT INTO tbl_registry_objects (registry_object_key,registry_object_class,type,originating_source,originating_source_type) VALUES (8934,'party','Punto de servicio','AlziraII',NULL);
INSERT INTO tbl_registry_objects (registry_object_key,registry_object_class,type,originating_source,originating_source_type) VALUES (8935,'party','Punto de servicio','AlziraII',NULL);
INSERT INTO tbl_registry_objects (registry_object_key,registry_object_class,type,originating_source,originating_source_type) VALUES (8936,'party','Punto de servicio','AlziraII',NULL);
INSERT INTO tbl_registry_objects (registry_object_key,registry_object_class,type,originating_source,originating_source_type) VALUES (8937,'party','Punto de servicio','AlziraII',NULL);
INSERT INTO tbl_registry_objects (registry_object_key,registry_object_class,type,originating_source,originating_source_type) VALUES (8938,'party','Punto de servicio','AlziraII',NULL);
INSERT INTO tbl_registry_objects (registry_object_key,registry_object_class,type,originating_source,originating_source_type) VALUES (8939,'party','Punto de servicio','AlziraII',NULL);
INSERT INTO tbl_registry_objects (registry_object_key,registry_object_class,type,originating_source,originating_source_type) VALUES (8940,'party','Punto de servicio','AlziraII',NULL);
INSERT INTO tbl_registry_objects (registry_object_key,registry_object_class,type,originating_source,originating_source_type) VALUES (8941,'party','Punto de servicio','AlziraII',NULL);
INSERT INTO tbl_registry_objects (registry_object_key,registry_object_class,type,originating_source,originating_source_type) VALUES (8942,'party','Punto de servicio','AlziraII',NULL);
INSERT INTO tbl_registry_objects (registry_object_key,registry_object_class,type,originating_source,originating_source_type) VALUES (8943,'party','Punto de servicio','AlziraII',NULL);
INSERT INTO tbl_registry_objects (registry_object_key,registry_object_class,type,originating_source,originating_source_type) VALUES (8944,'party','Punto de servicio','AlziraII',NULL);
INSERT INTO tbl_registry_objects (registry_object_key,registry_object_class,type,originating_source,originating_source_type) VALUES (8945,'party','Punto de servicio','AlziraII',NULL);
INSERT INTO tbl_registry_objects (registry_object_key,registry_object_class,type,originating_source,originating_source_type) VALUES (8946,'party','Punto de servicio','AlziraII',NULL);
INSERT INTO tbl_registry_objects (registry_object_key,registry_object_class,type,originating_source,originating_source_type) VALUES (8947,'party','Punto de servicio','AlziraII',NULL);
INSERT INTO tbl_registry_objects (registry_object_key,registry_object_class,type,originating_source,originating_source_type) VALUES (8948,'party','Punto de servicio','AlziraII',NULL);
INSERT INTO tbl_registry_objects (registry_object_key,registry_object_class,type,originating_source,originating_source_type) VALUES (8949,'party','Punto de servicio','AlziraII',NULL);
INSERT INTO tbl_registry_objects (registry_object_key,registry_object_class,type,originating_source,originating_source_type) VALUES (8950,'party','Punto de servicio','AlziraII',NULL);
INSERT INTO tbl_registry_objects (registry_object_key,registry_object_class,type,originating_source,originating_source_type) VALUES (8951,'party','Punto de servicio','AlziraII',NULL);
INSERT INTO tbl_registry_objects (registry_object_key,registry_object_class,type,originating_source,originating_source_type) VALUES (8952,'party','Punto de servicio','AlziraII',NULL);
INSERT INTO tbl_registry_objects (registry_object_key,registry_object_class,type,originating_source,originating_source_type) VALUES (8953,'party','Punto de servicio','AlziraII',NULL);
INSERT INTO tbl_registry_objects (registry_object_key,registry_object_class,type,originating_source,originating_source_type) VALUES (8954,'party','Punto de servicio','AlziraII',NULL);
INSERT INTO tbl_registry_objects (registry_object_key,registry_object_class,type,originating_source,originating_source_type) VALUES (8955,'party','Punto de servicio','AlziraII',NULL);
INSERT INTO tbl_registry_objects (registry_object_key,registry_object_class,type,originating_source,originating_source_type) VALUES (8956,'party','Punto de servicio','AlziraII',NULL);
INSERT INTO tbl_registry_objects (registry_object_key,registry_object_class,type,originating_source,originating_source_type) VALUES (8957,'party','Punto de servicio','AlziraII',NULL);
INSERT INTO tbl_registry_objects (registry_object_key,registry_object_class,type,originating_source,originating_source_type) VALUES (8958,'party','Punto de servicio','AlziraII',NULL);
INSERT INTO tbl_registry_objects (registry_object_key,registry_object_class,type,originating_source,originating_source_type) VALUES (8959,'party','Punto de servicio','AlziraII',NULL);
INSERT INTO tbl_registry_objects (registry_object_key,registry_object_class,type,originating_source,originating_source_type) VALUES (8960,'party','Punto de servicio','AlziraII',NULL);
INSERT INTO tbl_registry_objects (registry_object_key,registry_object_class,type,originating_source,originating_source_type) VALUES (8961,'party','Unidad Administrativa','AlziraII',NULL);
INSERT INTO tbl_registry_objects (registry_object_key,registry_object_class,type,originating_source,originating_source_type) VALUES (8962,'party','Unidad Administrativa','AlziraII',NULL);
INSERT INTO tbl_registry_objects (registry_object_key,registry_object_class,type,originating_source,originating_source_type) VALUES (8963,'party','Unidad Administrativa','AlziraII',NULL);
INSERT INTO tbl_registry_objects (registry_object_key,registry_object_class,type,originating_source,originating_source_type) VALUES (8964,'party','Unidad Administrativa','AlziraII',NULL);
INSERT INTO tbl_registry_objects (registry_object_key,registry_object_class,type,originating_source,originating_source_type) VALUES (8965,'party','Unidad Administrativa','AlziraII',NULL);
INSERT INTO tbl_registry_objects (registry_object_key,registry_object_class,type,originating_source,originating_source_type) VALUES (8966,'party','Unidad Administrativa','AlziraII',NULL);
INSERT INTO tbl_registry_objects (registry_object_key,registry_object_class,type,originating_source,originating_source_type) VALUES (8967,'party','Unidad Administrativa','AlziraII',NULL);
INSERT INTO tbl_registry_objects (registry_object_key,registry_object_class,type,originating_source,originating_source_type) VALUES (8968,'party','Unidad Administrativa','AlziraII',NULL);
INSERT INTO tbl_registry_objects (registry_object_key,registry_object_class,type,originating_source,originating_source_type) VALUES (8969,'party','Unidad Administrativa','AlziraII',NULL);
INSERT INTO tbl_registry_objects (registry_object_key,registry_object_class,type,originating_source,originating_source_type) VALUES (8970,'party','Unidad Administrativa','AlziraII',NULL);
INSERT INTO tbl_registry_objects (registry_object_key,registry_object_class,type,originating_source,originating_source_type) VALUES (8971,'party','Unidad Administrativa','AlziraII',NULL);
INSERT INTO tbl_registry_objects (registry_object_key,registry_object_class,type,originating_source,originating_source_type) VALUES (8972,'party','Unidad Administrativa','AlziraII',NULL);
INSERT INTO tbl_registry_objects (registry_object_key,registry_object_class,type,originating_source,originating_source_type) VALUES (8973,'party','Unidad Administrativa','AlziraII',NULL);
INSERT INTO tbl_registry_objects (registry_object_key,registry_object_class,type,originating_source,originating_source_type) VALUES (8974,'party','Unidad Administrativa','AlziraII',NULL);
INSERT INTO tbl_registry_objects (registry_object_key,registry_object_class,type,originating_source,originating_source_type) VALUES (8975,'party','Unidad Administrativa','AlziraII',NULL);
INSERT INTO tbl_registry_objects (registry_object_key,registry_object_class,type,originating_source,originating_source_type) VALUES (8976,'party','Unidad Administrativa','AlziraII',NULL);

INSERT INTO tbl_identifiers (identifier_id,registry_object_key,value,type) VALUES (8910,8911,'989','Niden_ps');
INSERT INTO tbl_identifiers (identifier_id,registry_object_key,value,type) VALUES (8911,8912,'990','Niden_ps');
INSERT INTO tbl_identifiers (identifier_id,registry_object_key,value,type) VALUES (8912,8913,'991','Niden_ps');
INSERT INTO tbl_identifiers (identifier_id,registry_object_key,value,type) VALUES (8913,8914,'992','Niden_ps');
INSERT INTO tbl_identifiers (identifier_id,registry_object_key,value,type) VALUES (8914,8915,'993','Niden_ps');
INSERT INTO tbl_identifiers (identifier_id,registry_object_key,value,type) VALUES (8915,8916,'994','Niden_ps');
INSERT INTO tbl_identifiers (identifier_id,registry_object_key,value,type) VALUES (8916,8917,'995','Niden_ps');
INSERT INTO tbl_identifiers (identifier_id,registry_object_key,value,type) VALUES (8917,8918,'996','Niden_ps');
INSERT INTO tbl_identifiers (identifier_id,registry_object_key,value,type) VALUES (8918,8919,'997','Niden_ps');
INSERT INTO tbl_identifiers (identifier_id,registry_object_key,value,type) VALUES (8919,8920,'998','Niden_ps');
INSERT INTO tbl_identifiers (identifier_id,registry_object_key,value,type) VALUES (8920,8921,'999','Niden_ps');
INSERT INTO tbl_identifiers (identifier_id,registry_object_key,value,type) VALUES (8921,8922,'1000','Niden_ps');
INSERT INTO tbl_identifiers (identifier_id,registry_object_key,value,type) VALUES (8922,8923,'1001','Niden_ps');
INSERT INTO tbl_identifiers (identifier_id,registry_object_key,value,type) VALUES (8923,8924,'1002','Niden_ps');
INSERT INTO tbl_identifiers (identifier_id,registry_object_key,value,type) VALUES (8924,8925,'1003','Niden_ps');
INSERT INTO tbl_identifiers (identifier_id,registry_object_key,value,type) VALUES (8925,8926,'1004','Niden_ps');
INSERT INTO tbl_identifiers (identifier_id,registry_object_key,value,type) VALUES (8926,8927,'1005','Niden_ps');
INSERT INTO tbl_identifiers (identifier_id,registry_object_key,value,type) VALUES (8927,8928,'1006','Niden_ps');
INSERT INTO tbl_identifiers (identifier_id,registry_object_key,value,type) VALUES (8928,8929,'1007','Niden_ps');
INSERT INTO tbl_identifiers (identifier_id,registry_object_key,value,type) VALUES (8929,8930,'1008','Niden_ps');
INSERT INTO tbl_identifiers (identifier_id,registry_object_key,value,type) VALUES (8930,8931,'1009','Niden_ps');
INSERT INTO tbl_identifiers (identifier_id,registry_object_key,value,type) VALUES (8931,8932,'1010','Niden_ps');
INSERT INTO tbl_identifiers (identifier_id,registry_object_key,value,type) VALUES (8932,8933,'1011','Niden_ps');
INSERT INTO tbl_identifiers (identifier_id,registry_object_key,value,type) VALUES (8933,8934,'1012','Niden_ps');
INSERT INTO tbl_identifiers (identifier_id,registry_object_key,value,type) VALUES (8934,8935,'1013','Niden_ps');
INSERT INTO tbl_identifiers (identifier_id,registry_object_key,value,type) VALUES (8935,8936,'1014','Niden_ps');
INSERT INTO tbl_identifiers (identifier_id,registry_object_key,value,type) VALUES (8936,8937,'1015','Niden_ps');
INSERT INTO tbl_identifiers (identifier_id,registry_object_key,value,type) VALUES (8937,8938,'1016','Niden_ps');
INSERT INTO tbl_identifiers (identifier_id,registry_object_key,value,type) VALUES (8938,8939,'1017','Niden_ps');
INSERT INTO tbl_identifiers (identifier_id,registry_object_key,value,type) VALUES (8939,8940,'1018','Niden_ps');
INSERT INTO tbl_identifiers (identifier_id,registry_object_key,value,type) VALUES (8940,8941,'1024','Niden_ps');
INSERT INTO tbl_identifiers (identifier_id,registry_object_key,value,type) VALUES (8941,8942,'1026','Niden_ps');
INSERT INTO tbl_identifiers (identifier_id,registry_object_key,value,type) VALUES (8942,8943,'1027','Niden_ps');
INSERT INTO tbl_identifiers (identifier_id,registry_object_key,value,type) VALUES (8943,8944,'1028','Niden_ps');
INSERT INTO tbl_identifiers (identifier_id,registry_object_key,value,type) VALUES (8944,8945,'1029','Niden_ps');
INSERT INTO tbl_identifiers (identifier_id,registry_object_key,value,type) VALUES (8945,8946,'1030','Niden_ps');
INSERT INTO tbl_identifiers (identifier_id,registry_object_key,value,type) VALUES (8946,8947,'1031','Niden_ps');
INSERT INTO tbl_identifiers (identifier_id,registry_object_key,value,type) VALUES (8947,8948,'1032','Niden_ps');
INSERT INTO tbl_identifiers (identifier_id,registry_object_key,value,type) VALUES (8948,8949,'1033','Niden_ps');
INSERT INTO tbl_identifiers (identifier_id,registry_object_key,value,type) VALUES (8949,8950,'1034','Niden_ps');
INSERT INTO tbl_identifiers (identifier_id,registry_object_key,value,type) VALUES (8950,8951,'1036','Niden_ps');
INSERT INTO tbl_identifiers (identifier_id,registry_object_key,value,type) VALUES (8951,8952,'1037','Niden_ps');
INSERT INTO tbl_identifiers (identifier_id,registry_object_key,value,type) VALUES (8952,8953,'1038','Niden_ps');
INSERT INTO tbl_identifiers (identifier_id,registry_object_key,value,type) VALUES (8953,8954,'1039','Niden_ps');
INSERT INTO tbl_identifiers (identifier_id,registry_object_key,value,type) VALUES (8954,8955,'1040','Niden_ps');
INSERT INTO tbl_identifiers (identifier_id,registry_object_key,value,type) VALUES (8955,8956,'1041','Niden_ps');
INSERT INTO tbl_identifiers (identifier_id,registry_object_key,value,type) VALUES (8956,8957,'1042','Niden_ps');
INSERT INTO tbl_identifiers (identifier_id,registry_object_key,value,type) VALUES (8957,8958,'1043','Niden_ps');
INSERT INTO tbl_identifiers (identifier_id,registry_object_key,value,type) VALUES (8958,8959,'1044','Niden_ps');
INSERT INTO tbl_identifiers (identifier_id,registry_object_key,value,type) VALUES (8959,8960,'1045','Niden_ps');
INSERT INTO tbl_identifiers (identifier_id,registry_object_key,value,type) VALUES (8960,8961,'2200281','Niden');
INSERT INTO tbl_identifiers (identifier_id,registry_object_key,value,type) VALUES (8961,8962,'3300044','Niden');
INSERT INTO tbl_identifiers (identifier_id,registry_object_key,value,type) VALUES (8962,8963,'3300082','Niden');
INSERT INTO tbl_identifiers (identifier_id,registry_object_key,value,type) VALUES (8963,8964,'3300142','Niden');
INSERT INTO tbl_identifiers (identifier_id,registry_object_key,value,type) VALUES (8964,8965,'3300229','Niden');
INSERT INTO tbl_identifiers (identifier_id,registry_object_key,value,type) VALUES (8965,8966,'3300235','Niden');
INSERT INTO tbl_identifiers (identifier_id,registry_object_key,value,type) VALUES (8966,8967,'3300272','Niden');
INSERT INTO tbl_identifiers (identifier_id,registry_object_key,value,type) VALUES (8967,8968,'3300538','Niden');
INSERT INTO tbl_identifiers (identifier_id,registry_object_key,value,type) VALUES (8968,8969,'3300636','Niden');
INSERT INTO tbl_identifiers (identifier_id,registry_object_key,value,type) VALUES (8969,8970,'3300692','Niden');
INSERT INTO tbl_identifiers (identifier_id,registry_object_key,value,type) VALUES (8970,8971,'3301069','Niden');
INSERT INTO tbl_identifiers (identifier_id,registry_object_key,value,type) VALUES (8971,8972,'3301748','Niden');
INSERT INTO tbl_identifiers (identifier_id,registry_object_key,value,type) VALUES (8972,8973,'4400054','Niden');
INSERT INTO tbl_identifiers (identifier_id,registry_object_key,value,type) VALUES (8973,8974,'5000598','Niden');
INSERT INTO tbl_identifiers (identifier_id,registry_object_key,value,type) VALUES (8974,8975,'5001238','Niden');
INSERT INTO tbl_identifiers (identifier_id,registry_object_key,value,type) VALUES (8975,8976,'UA3301826','Niden');

--tbl_subjects

INSERT INTO tbl_descriptions (description_id,registry_object_key,value,type,lang) VALUES (1048,8911,'Desde 1981 hasta 2006 la denominación de esta biblioteca era Biblioteca de Garrapinillos','Observaciones',NULL);
INSERT INTO tbl_descriptions (description_id,registry_object_key,value,type,lang) VALUES (1049,8914,'Desde 1982 hasta 2004 la denominación de esta biblioteca era Biblioteca de Santa Isabel','Observaciones',NULL);
INSERT INTO tbl_descriptions (description_id,registry_object_key,value,type,lang) VALUES (1050,8915,'Desde 1982 hasta 2005 la denominación de la biblioteca era Biblioteca de La Cartuja','Observaciones',NULL);
INSERT INTO tbl_descriptions (description_id,registry_object_key,value,type,lang) VALUES (1051,8917,'Desde 1981 hasta 2006 la denominación de la biblioteca era Biblioteca de Peñaflor','Observaciones',NULL);
INSERT INTO tbl_descriptions (description_id,registry_object_key,value,type,lang) VALUES (1052,8925,'Desde 1981 hasta 2003 la denominación de la biblioteca era Biblioteca de Casablanca','Observaciones',NULL);
INSERT INTO tbl_descriptions (description_id,registry_object_key,value,type,lang) VALUES (1053,8927,'Desde 1987 hasta 2007 la denominación de la biblioteca era Biblioteca de Valdefierro','Observaciones',NULL);
INSERT INTO tbl_descriptions (description_id,registry_object_key,value,type,lang) VALUES (1054,8929,'Desde 1981 hasta 2006 la denominación de la biblioteca era Biblioteca de Miralbueno','Observaciones',NULL);
INSERT INTO tbl_descriptions (description_id,registry_object_key,value,type,lang) VALUES (1055,8932,'Desde 1987 hasta 1996 la denominación de la biblioteca era Biblioteca Tío Jorge','Observaciones',NULL);
INSERT INTO tbl_descriptions (description_id,registry_object_key,value,type,lang) VALUES (1056,8950,'Antiguo Niden 3300425','Observaciones',NULL);
INSERT INTO tbl_descriptions (description_id,registry_object_key,value,type,lang) VALUES (1057,8951,'Antiguo Niden 3300446','Observaciones',NULL);
INSERT INTO tbl_descriptions (description_id,registry_object_key,value,type,lang) VALUES (1058,8953,'Antiguo Niden 3300462','Observaciones',NULL);
INSERT INTO tbl_descriptions (description_id,registry_object_key,value,type,lang) VALUES (1059,8954,'Antiguo Niden 3300478','Observaciones',NULL);
INSERT INTO tbl_descriptions (description_id,registry_object_key,value,type,lang) VALUES (1060,8955,'Antiguo Niden 3300484','Observaciones',NULL);
INSERT INTO tbl_descriptions (description_id,registry_object_key,value,type,lang) VALUES (1061,8971,'Antiguo Niden 3301069','Observaciones',NULL);

INSERT INTO tbl_complex_names (complex_name_id,registry_object_key,value,type,lang) VALUES (8910,8911,NULL,NULL,NULL);
INSERT INTO tbl_complex_names (complex_name_id,registry_object_key,value,type,lang) VALUES (8911,8912,NULL,NULL,NULL);
INSERT INTO tbl_complex_names (complex_name_id,registry_object_key,value,type,lang) VALUES (8912,8913,NULL,NULL,NULL);
INSERT INTO tbl_complex_names (complex_name_id,registry_object_key,value,type,lang) VALUES (8913,8914,NULL,NULL,NULL);
INSERT INTO tbl_complex_names (complex_name_id,registry_object_key,value,type,lang) VALUES (8914,8915,NULL,NULL,NULL);
INSERT INTO tbl_complex_names (complex_name_id,registry_object_key,value,type,lang) VALUES (8915,8916,NULL,NULL,NULL);
INSERT INTO tbl_complex_names (complex_name_id,registry_object_key,value,type,lang) VALUES (8916,8917,NULL,NULL,NULL);
INSERT INTO tbl_complex_names (complex_name_id,registry_object_key,value,type,lang) VALUES (8917,8918,NULL,NULL,NULL);
INSERT INTO tbl_complex_names (complex_name_id,registry_object_key,value,type,lang) VALUES (8918,8919,NULL,NULL,NULL);
INSERT INTO tbl_complex_names (complex_name_id,registry_object_key,value,type,lang) VALUES (8919,8920,NULL,NULL,NULL);
INSERT INTO tbl_complex_names (complex_name_id,registry_object_key,value,type,lang) VALUES (8920,8921,NULL,NULL,NULL);
INSERT INTO tbl_complex_names (complex_name_id,registry_object_key,value,type,lang) VALUES (8921,8922,NULL,NULL,NULL);
INSERT INTO tbl_complex_names (complex_name_id,registry_object_key,value,type,lang) VALUES (8922,8923,NULL,NULL,NULL);
INSERT INTO tbl_complex_names (complex_name_id,registry_object_key,value,type,lang) VALUES (8923,8924,NULL,NULL,NULL);
INSERT INTO tbl_complex_names (complex_name_id,registry_object_key,value,type,lang) VALUES (8924,8925,NULL,NULL,NULL);
INSERT INTO tbl_complex_names (complex_name_id,registry_object_key,value,type,lang) VALUES (8925,8926,NULL,NULL,NULL);
INSERT INTO tbl_complex_names (complex_name_id,registry_object_key,value,type,lang) VALUES (8926,8927,NULL,NULL,NULL);
INSERT INTO tbl_complex_names (complex_name_id,registry_object_key,value,type,lang) VALUES (8927,8928,NULL,NULL,NULL);
INSERT INTO tbl_complex_names (complex_name_id,registry_object_key,value,type,lang) VALUES (8928,8929,NULL,NULL,NULL);
INSERT INTO tbl_complex_names (complex_name_id,registry_object_key,value,type,lang) VALUES (8929,8930,NULL,NULL,NULL);
INSERT INTO tbl_complex_names (complex_name_id,registry_object_key,value,type,lang) VALUES (8930,8931,NULL,NULL,NULL);
INSERT INTO tbl_complex_names (complex_name_id,registry_object_key,value,type,lang) VALUES (8931,8932,NULL,NULL,NULL);
INSERT INTO tbl_complex_names (complex_name_id,registry_object_key,value,type,lang) VALUES (8932,8933,NULL,NULL,NULL);
INSERT INTO tbl_complex_names (complex_name_id,registry_object_key,value,type,lang) VALUES (8933,8934,NULL,NULL,NULL);
INSERT INTO tbl_complex_names (complex_name_id,registry_object_key,value,type,lang) VALUES (8934,8935,NULL,NULL,NULL);
INSERT INTO tbl_complex_names (complex_name_id,registry_object_key,value,type,lang) VALUES (8935,8936,NULL,NULL,NULL);
INSERT INTO tbl_complex_names (complex_name_id,registry_object_key,value,type,lang) VALUES (8936,8937,NULL,NULL,NULL);
INSERT INTO tbl_complex_names (complex_name_id,registry_object_key,value,type,lang) VALUES (8937,8938,NULL,NULL,NULL);
INSERT INTO tbl_complex_names (complex_name_id,registry_object_key,value,type,lang) VALUES (8938,8939,NULL,NULL,NULL);
INSERT INTO tbl_complex_names (complex_name_id,registry_object_key,value,type,lang) VALUES (8939,8940,NULL,NULL,NULL);
INSERT INTO tbl_complex_names (complex_name_id,registry_object_key,value,type,lang) VALUES (8940,8941,NULL,NULL,NULL);
INSERT INTO tbl_complex_names (complex_name_id,registry_object_key,value,type,lang) VALUES (8941,8942,NULL,NULL,NULL);
INSERT INTO tbl_complex_names (complex_name_id,registry_object_key,value,type,lang) VALUES (8942,8943,NULL,NULL,NULL);
INSERT INTO tbl_complex_names (complex_name_id,registry_object_key,value,type,lang) VALUES (8943,8944,NULL,NULL,NULL);
INSERT INTO tbl_complex_names (complex_name_id,registry_object_key,value,type,lang) VALUES (8944,8945,NULL,NULL,NULL);
INSERT INTO tbl_complex_names (complex_name_id,registry_object_key,value,type,lang) VALUES (8945,8946,NULL,NULL,NULL);
INSERT INTO tbl_complex_names (complex_name_id,registry_object_key,value,type,lang) VALUES (8946,8947,NULL,NULL,NULL);
INSERT INTO tbl_complex_names (complex_name_id,registry_object_key,value,type,lang) VALUES (8947,8948,NULL,NULL,NULL);
INSERT INTO tbl_complex_names (complex_name_id,registry_object_key,value,type,lang) VALUES (8948,8949,NULL,NULL,NULL);
INSERT INTO tbl_complex_names (complex_name_id,registry_object_key,value,type,lang) VALUES (8949,8950,NULL,NULL,NULL);
INSERT INTO tbl_complex_names (complex_name_id,registry_object_key,value,type,lang) VALUES (8950,8951,NULL,NULL,NULL);
INSERT INTO tbl_complex_names (complex_name_id,registry_object_key,value,type,lang) VALUES (8951,8952,NULL,NULL,NULL);
INSERT INTO tbl_complex_names (complex_name_id,registry_object_key,value,type,lang) VALUES (8952,8953,NULL,NULL,NULL);
INSERT INTO tbl_complex_names (complex_name_id,registry_object_key,value,type,lang) VALUES (8953,8954,NULL,NULL,NULL);
INSERT INTO tbl_complex_names (complex_name_id,registry_object_key,value,type,lang) VALUES (8954,8955,NULL,NULL,NULL);
INSERT INTO tbl_complex_names (complex_name_id,registry_object_key,value,type,lang) VALUES (8955,8956,NULL,NULL,NULL);
INSERT INTO tbl_complex_names (complex_name_id,registry_object_key,value,type,lang) VALUES (8956,8957,NULL,NULL,NULL);
INSERT INTO tbl_complex_names (complex_name_id,registry_object_key,value,type,lang) VALUES (8957,8958,NULL,NULL,NULL);
INSERT INTO tbl_complex_names (complex_name_id,registry_object_key,value,type,lang) VALUES (8958,8959,NULL,NULL,NULL);
INSERT INTO tbl_complex_names (complex_name_id,registry_object_key,value,type,lang) VALUES (8959,8960,NULL,NULL,NULL);
INSERT INTO tbl_complex_names (complex_name_id,registry_object_key,value,type,lang) VALUES (8960,8961,NULL,NULL,NULL);
INSERT INTO tbl_complex_names (complex_name_id,registry_object_key,value,type,lang) VALUES (8961,8962,NULL,NULL,NULL);
INSERT INTO tbl_complex_names (complex_name_id,registry_object_key,value,type,lang) VALUES (8962,8963,NULL,NULL,NULL);
INSERT INTO tbl_complex_names (complex_name_id,registry_object_key,value,type,lang) VALUES (8963,8964,NULL,NULL,NULL);
INSERT INTO tbl_complex_names (complex_name_id,registry_object_key,value,type,lang) VALUES (8964,8965,NULL,NULL,NULL);
INSERT INTO tbl_complex_names (complex_name_id,registry_object_key,value,type,lang) VALUES (8965,8966,NULL,NULL,NULL);
INSERT INTO tbl_complex_names (complex_name_id,registry_object_key,value,type,lang) VALUES (8966,8967,NULL,NULL,NULL);
INSERT INTO tbl_complex_names (complex_name_id,registry_object_key,value,type,lang) VALUES (8967,8968,NULL,NULL,NULL);
INSERT INTO tbl_complex_names (complex_name_id,registry_object_key,value,type,lang) VALUES (8968,8969,NULL,NULL,NULL);
INSERT INTO tbl_complex_names (complex_name_id,registry_object_key,value,type,lang) VALUES (8969,8970,NULL,NULL,NULL);
INSERT INTO tbl_complex_names (complex_name_id,registry_object_key,value,type,lang) VALUES (8970,8971,NULL,NULL,NULL);
INSERT INTO tbl_complex_names (complex_name_id,registry_object_key,value,type,lang) VALUES (8971,8972,NULL,NULL,NULL);
INSERT INTO tbl_complex_names (complex_name_id,registry_object_key,value,type,lang) VALUES (8972,8973,NULL,NULL,NULL);
INSERT INTO tbl_complex_names (complex_name_id,registry_object_key,value,type,lang) VALUES (8973,8974,NULL,NULL,NULL);
INSERT INTO tbl_complex_names (complex_name_id,registry_object_key,value,type,lang) VALUES (8974,8975,NULL,NULL,NULL);
INSERT INTO tbl_complex_names (complex_name_id,registry_object_key,value,type,lang) VALUES (8975,8976,NULL,NULL,NULL);

INSERT INTO tbl_name_parts (name_part_id,complex_name_id,value,type) VALUES (8910,8910,'Biblioteca Pública Municipal de Zaragoza. José Ramón Arana (Garrapinillos)','Nombre');
INSERT INTO tbl_name_parts (name_part_id,complex_name_id,value,type) VALUES (8911,8911,'Biblioteca Pública Municipal de Zaragoza. Ricardo Magdalena (Las Fuentes)','Nombre');
INSERT INTO tbl_name_parts (name_part_id,complex_name_id,value,type) VALUES (8912,8912,'Biblioteca Pública Municipal de Zaragoza. Rafael Andolz (La Almozara)','Nombre');
INSERT INTO tbl_name_parts (name_part_id,complex_name_id,value,type) VALUES (8913,8913,'Biblioteca Pública Municipal de Zaragoza. Inocencio Ruiz Lasala (Santa Isabel)','Nombre');
INSERT INTO tbl_name_parts (name_part_id,complex_name_id,value,type) VALUES (8914,8914,'Biblioteca Pública Municipal de Zaragoza. Miguel Labordeta (La Cartuja)','Nombre');
INSERT INTO tbl_name_parts (name_part_id,complex_name_id,value,type) VALUES (8915,8915,'Biblioteca Pública Municipal de Zaragoza. Casetas','Nombre');
INSERT INTO tbl_name_parts (name_part_id,complex_name_id,value,type) VALUES (8916,8916,'Biblioteca Pública Municipal de Zaragoza. Rosendo Tello (Peñaflor)','Nombre');
INSERT INTO tbl_name_parts (name_part_id,complex_name_id,value,type) VALUES (8917,8917,'Biblioteca Pública Municipal de Zaragoza. Benjamín Jarnés (Actur-Rey Fernando)','Nombre');
INSERT INTO tbl_name_parts (name_part_id,complex_name_id,value,type) VALUES (8918,8918,'Biblioteca Pública Municipal de Zaragoza. Fernando Lázaro Carreter (Torrero)','Nombre');
INSERT INTO tbl_name_parts (name_part_id,complex_name_id,value,type) VALUES (8919,8919,'Biblioteca Pública Municipal de Zaragoza. Monzalbarba','Nombre');
INSERT INTO tbl_name_parts (name_part_id,complex_name_id,value,type) VALUES (8920,8920,'Biblioteca Pública Municipal de Zaragoza. Montañana','Nombre');
INSERT INTO tbl_name_parts (name_part_id,complex_name_id,value,type) VALUES (8921,8921,'Biblioteca Pública Municipal de Zaragoza. Santa Orosia (Delicias)','Nombre');
INSERT INTO tbl_name_parts (name_part_id,complex_name_id,value,type) VALUES (8922,8922,'Biblioteca Pública Municipal de Zaragoza. Miguel de Cervantes (Universidad)','Nombre');
INSERT INTO tbl_name_parts (name_part_id,complex_name_id,value,type) VALUES (8923,8923,'Biblioteca Pública Municipal de Zaragoza. Vientos del pueblo (Oliver)','Nombre');
INSERT INTO tbl_name_parts (name_part_id,complex_name_id,value,type) VALUES (8924,8924,'Biblioteca Pública Municipal de Zaragoza. Jesús María Alemany Briz (Casablanca)','Nombre');
INSERT INTO tbl_name_parts (name_part_id,complex_name_id,value,type) VALUES (8925,8925,'Biblioteca Pública Municipal de Zaragoza. Manuel Alvar (Delicias)','Nombre');
INSERT INTO tbl_name_parts (name_part_id,complex_name_id,value,type) VALUES (8926,8926,'Biblioteca Pública Municipal de Zaragoza. Luis del Val (Valdefierro)','Nombre');
INSERT INTO tbl_name_parts (name_part_id,complex_name_id,value,type) VALUES (8927,8927,'Biblioteca Pública Municipal de Zaragoza. San Juan de Mozarrifar','Nombre');
INSERT INTO tbl_name_parts (name_part_id,complex_name_id,value,type) VALUES (8928,8928,'Biblioteca Pública Municipal de Zaragoza. Soledad Puértolas (Miralbueno)','Nombre');
INSERT INTO tbl_name_parts (name_part_id,complex_name_id,value,type) VALUES (8929,8929,'Biblioteca Pública Municipal de Zaragoza. Movera','Nombre');
INSERT INTO tbl_name_parts (name_part_id,complex_name_id,value,type) VALUES (8930,8930,'Biblioteca Pública Municipal de Zaragoza. José Antonio Rey del Corral (San José)','Nombre');
INSERT INTO tbl_name_parts (name_part_id,complex_name_id,value,type) VALUES (8931,8931,'Biblioteca Pública Municipal de Zaragoza. Javier Tomeo (El Rabal)','Nombre');
INSERT INTO tbl_name_parts (name_part_id,complex_name_id,value,type) VALUES (8932,8932,'Biblioteca Pública Municipal de Zaragoza. María Moliner (Casco Histórico)','Nombre');
INSERT INTO tbl_name_parts (name_part_id,complex_name_id,value,type) VALUES (8933,8933,'Biblioteca Pública Municipal de Litera de Fraga','Nombre');
INSERT INTO tbl_name_parts (name_part_id,complex_name_id,value,type) VALUES (8934,8934,'Biblioteca Pública Municipal de Miralsot-Fraga','Nombre');
INSERT INTO tbl_name_parts (name_part_id,complex_name_id,value,type) VALUES (8935,8935,'Biblioteca Pública Municipal de Alcañiz','Nombre');
INSERT INTO tbl_name_parts (name_part_id,complex_name_id,value,type) VALUES (8936,8936,'Biblioteca Pública Municipal de Puigmoreno','Nombre');
INSERT INTO tbl_name_parts (name_part_id,complex_name_id,value,type) VALUES (8937,8937,'Biblioteca Infantil Gianni Rodari','Nombre');
INSERT INTO tbl_name_parts (name_part_id,complex_name_id,value,type) VALUES (8938,8938,'Biblioteca Pública de Sancho Abarca','Nombre');
INSERT INTO tbl_name_parts (name_part_id,complex_name_id,value,type) VALUES (8939,8939,'Biblioteca Pública de Santa Engracia','Nombre');
INSERT INTO tbl_name_parts (name_part_id,complex_name_id,value,type) VALUES (8940,8940,'Biblioteca Pública Municipal de San Claudio','Nombre');
INSERT INTO tbl_name_parts (name_part_id,complex_name_id,value,type) VALUES (8941,8941,'Biblioteca Pública Municipal de Cabañaquinta. Lorenzo Rodríguez-Castellano','Nombre');
INSERT INTO tbl_name_parts (name_part_id,complex_name_id,value,type) VALUES (8942,8942,'Biblioteca Pública Municipal de Caborana. Jesús Barettini','Nombre');
INSERT INTO tbl_name_parts (name_part_id,complex_name_id,value,type) VALUES (8943,8943,'Biblioteca Pública Municipal de La Luz','Nombre');
INSERT INTO tbl_name_parts (name_part_id,complex_name_id,value,type) VALUES (8944,8944,'Biblioteca Pública Municipal de Carreña','Nombre');
INSERT INTO tbl_name_parts (name_part_id,complex_name_id,value,type) VALUES (8945,8945,'Biblioteca Pública Municipal de Salinas. Álvarez Galán','Nombre');
INSERT INTO tbl_name_parts (name_part_id,complex_name_id,value,type) VALUES (8946,8946,'Biblioteca Pública Municipal de Figueras. Miguel García Teijeiro','Nombre');
INSERT INTO tbl_name_parts (name_part_id,complex_name_id,value,type) VALUES (8947,8947,'Biblioteca Pública Municipal de Cancienes','Nombre');
INSERT INTO tbl_name_parts (name_part_id,complex_name_id,value,type) VALUES (8948,8948,'Biblioteca Pública Municipal de Los Canapés','Nombre');
INSERT INTO tbl_name_parts (name_part_id,complex_name_id,value,type) VALUES (8949,8949,'Biblioteca Pública Municipal de Roces. Alfonso Camín','Nombre');
INSERT INTO tbl_name_parts (name_part_id,complex_name_id,value,type) VALUES (8950,8950,'Biblioteca Pública Municipal de Pumarín - Gijón Sur','Nombre');
INSERT INTO tbl_name_parts (name_part_id,complex_name_id,value,type) VALUES (8951,8951,'Biblioteca Pública Municipal de Montiana','Nombre');
INSERT INTO tbl_name_parts (name_part_id,complex_name_id,value,type) VALUES (8952,8952,'Biblioteca Pública Municipal de El Coto','Nombre');
INSERT INTO tbl_name_parts (name_part_id,complex_name_id,value,type) VALUES (8953,8953,'Biblioteca Pública Municipal de Contrueces','Nombre');
INSERT INTO tbl_name_parts (name_part_id,complex_name_id,value,type) VALUES (8954,8954,'Biblioteca Pública Municipal de Vega - La Camocha','Nombre');
INSERT INTO tbl_name_parts (name_part_id,complex_name_id,value,type) VALUES (8955,8955,'Biblioteca Pública Municipal de Sama. Escuelas Dorado','Nombre');
INSERT INTO tbl_name_parts (name_part_id,complex_name_id,value,type) VALUES (8956,8956,'Biblioteca Pública Municipal de Barredos','Nombre');
INSERT INTO tbl_name_parts (name_part_id,complex_name_id,value,type) VALUES (8957,8957,'Biblioteca Pública Municipal de El Condado','Nombre');
INSERT INTO tbl_name_parts (name_part_id,complex_name_id,value,type) VALUES (8958,8958,'Biblioteca Pública Municipal de Vibaño','Nombre');
INSERT INTO tbl_name_parts (name_part_id,complex_name_id,value,type) VALUES (8959,8959,'Biblioteca Pública Municipal de Turón','Nombre');
INSERT INTO tbl_name_parts (name_part_id,complex_name_id,value,type) VALUES (8960,8960,'Biblioteca Pública Municipal de Fraga','Nombre');
INSERT INTO tbl_name_parts (name_part_id,complex_name_id,value,type) VALUES (8961,8961,'Bibliotecas Públicas Municipales de Aller','Nombre');
INSERT INTO tbl_name_parts (name_part_id,complex_name_id,value,type) VALUES (8962,8962,'Bibliotecas Públicas Municipales de Avilés','Nombre');
INSERT INTO tbl_name_parts (name_part_id,complex_name_id,value,type) VALUES (8963,8963,'Bibliotecas Públicas Municipales de Cabrales','Nombre');
INSERT INTO tbl_name_parts (name_part_id,complex_name_id,value,type) VALUES (8964,8964,'Bibliotecas Públicas Municipales de Castrillón','Nombre');
INSERT INTO tbl_name_parts (name_part_id,complex_name_id,value,type) VALUES (8965,8965,'Bibliotecas Públicas Municipales de Castropol','Nombre');
INSERT INTO tbl_name_parts (name_part_id,complex_name_id,value,type) VALUES (8966,8966,'Bibliotecas Públicas Municipales de Corvera de Asturias','Nombre');
INSERT INTO tbl_name_parts (name_part_id,complex_name_id,value,type) VALUES (8967,8967,'Bibliotecas Públicas Municipales de Langreo','Nombre');
INSERT INTO tbl_name_parts (name_part_id,complex_name_id,value,type) VALUES (8968,8968,'Bibliotecas Públicas Municipales de Llanes','Nombre');
INSERT INTO tbl_name_parts (name_part_id,complex_name_id,value,type) VALUES (8969,8969,'Bibliotecas Públicas Municipales de Mieres','Nombre');
INSERT INTO tbl_name_parts (name_part_id,complex_name_id,value,type) VALUES (8970,8970,'Bibliotecas Públicas Municipales de Oviedo','Nombre');
INSERT INTO tbl_name_parts (name_part_id,complex_name_id,value,type) VALUES (8971,8971,'Bibliotecas Públicas Municipales de Laviana','Nombre');
INSERT INTO tbl_name_parts (name_part_id,complex_name_id,value,type) VALUES (8972,8972,'Biblioteca Pública Municipal de Alcañiz','Nombre');
INSERT INTO tbl_name_parts (name_part_id,complex_name_id,value,type) VALUES (8973,8973,'Biblioteca Pública Municipal de Tauste. Ramón J. Sender','Nombre');
INSERT INTO tbl_name_parts (name_part_id,complex_name_id,value,type) VALUES (8974,8974,'Bibliotecas Públicas Municipales de Zaragoza. Patronato Municipal de Educación y Bibliotecas','Nombre');
INSERT INTO tbl_name_parts (name_part_id,complex_name_id,value,type) VALUES (8975,8975,'Bibliotecas Públicas Municipales de Gijón','Nombre');

--tbl_related_info

INSERT INTO tbl_locations (location_id,registry_object_key) VALUES (8910,8911);
INSERT INTO tbl_locations (location_id,registry_object_key) VALUES (8911,8912);
INSERT INTO tbl_locations (location_id,registry_object_key) VALUES (8912,8913);
INSERT INTO tbl_locations (location_id,registry_object_key) VALUES (8913,8914);
INSERT INTO tbl_locations (location_id,registry_object_key) VALUES (8914,8915);
INSERT INTO tbl_locations (location_id,registry_object_key) VALUES (8915,8916);
INSERT INTO tbl_locations (location_id,registry_object_key) VALUES (8916,8917);
INSERT INTO tbl_locations (location_id,registry_object_key) VALUES (8917,8918);
INSERT INTO tbl_locations (location_id,registry_object_key) VALUES (8918,8919);
INSERT INTO tbl_locations (location_id,registry_object_key) VALUES (8919,8920);
INSERT INTO tbl_locations (location_id,registry_object_key) VALUES (8920,8921);
INSERT INTO tbl_locations (location_id,registry_object_key) VALUES (8921,8922);
INSERT INTO tbl_locations (location_id,registry_object_key) VALUES (8922,8923);
INSERT INTO tbl_locations (location_id,registry_object_key) VALUES (8923,8924);
INSERT INTO tbl_locations (location_id,registry_object_key) VALUES (8924,8925);
INSERT INTO tbl_locations (location_id,registry_object_key) VALUES (8925,8926);
INSERT INTO tbl_locations (location_id,registry_object_key) VALUES (8926,8927);
INSERT INTO tbl_locations (location_id,registry_object_key) VALUES (8927,8928);
INSERT INTO tbl_locations (location_id,registry_object_key) VALUES (8928,8929);
INSERT INTO tbl_locations (location_id,registry_object_key) VALUES (8929,8930);
INSERT INTO tbl_locations (location_id,registry_object_key) VALUES (8930,8931);
INSERT INTO tbl_locations (location_id,registry_object_key) VALUES (8931,8932);
INSERT INTO tbl_locations (location_id,registry_object_key) VALUES (8932,8933);
INSERT INTO tbl_locations (location_id,registry_object_key) VALUES (8933,8934);
INSERT INTO tbl_locations (location_id,registry_object_key) VALUES (8934,8935);
INSERT INTO tbl_locations (location_id,registry_object_key) VALUES (8935,8936);
INSERT INTO tbl_locations (location_id,registry_object_key) VALUES (8936,8937);
INSERT INTO tbl_locations (location_id,registry_object_key) VALUES (8937,8938);
INSERT INTO tbl_locations (location_id,registry_object_key) VALUES (8938,8939);
INSERT INTO tbl_locations (location_id,registry_object_key) VALUES (8939,8940);
INSERT INTO tbl_locations (location_id,registry_object_key) VALUES (8940,8941);
INSERT INTO tbl_locations (location_id,registry_object_key) VALUES (8941,8942);
INSERT INTO tbl_locations (location_id,registry_object_key) VALUES (8942,8943);
INSERT INTO tbl_locations (location_id,registry_object_key) VALUES (8943,8944);
INSERT INTO tbl_locations (location_id,registry_object_key) VALUES (8944,8945);
INSERT INTO tbl_locations (location_id,registry_object_key) VALUES (8945,8946);
INSERT INTO tbl_locations (location_id,registry_object_key) VALUES (8946,8947);
INSERT INTO tbl_locations (location_id,registry_object_key) VALUES (8947,8948);
INSERT INTO tbl_locations (location_id,registry_object_key) VALUES (8948,8949);
INSERT INTO tbl_locations (location_id,registry_object_key) VALUES (8949,8950);
INSERT INTO tbl_locations (location_id,registry_object_key) VALUES (8950,8951);
INSERT INTO tbl_locations (location_id,registry_object_key) VALUES (8951,8952);
INSERT INTO tbl_locations (location_id,registry_object_key) VALUES (8952,8953);
INSERT INTO tbl_locations (location_id,registry_object_key) VALUES (8953,8954);
INSERT INTO tbl_locations (location_id,registry_object_key) VALUES (8954,8955);
INSERT INTO tbl_locations (location_id,registry_object_key) VALUES (8955,8956);
INSERT INTO tbl_locations (location_id,registry_object_key) VALUES (8956,8957);
INSERT INTO tbl_locations (location_id,registry_object_key) VALUES (8957,8958);
INSERT INTO tbl_locations (location_id,registry_object_key) VALUES (8958,8959);
INSERT INTO tbl_locations (location_id,registry_object_key) VALUES (8959,8960);
INSERT INTO tbl_locations (location_id,registry_object_key) VALUES (8960,8961);
INSERT INTO tbl_locations (location_id,registry_object_key) VALUES (8961,8962);
INSERT INTO tbl_locations (location_id,registry_object_key) VALUES (8962,8963);
INSERT INTO tbl_locations (location_id,registry_object_key) VALUES (8963,8964);
INSERT INTO tbl_locations (location_id,registry_object_key) VALUES (8964,8965);
INSERT INTO tbl_locations (location_id,registry_object_key) VALUES (8965,8966);
INSERT INTO tbl_locations (location_id,registry_object_key) VALUES (8966,8967);
INSERT INTO tbl_locations (location_id,registry_object_key) VALUES (8967,8968);
INSERT INTO tbl_locations (location_id,registry_object_key) VALUES (8968,8969);
INSERT INTO tbl_locations (location_id,registry_object_key) VALUES (8969,8970);
INSERT INTO tbl_locations (location_id,registry_object_key) VALUES (8970,8971);
INSERT INTO tbl_locations (location_id,registry_object_key) VALUES (8971,8972);
INSERT INTO tbl_locations (location_id,registry_object_key) VALUES (8972,8973);
INSERT INTO tbl_locations (location_id,registry_object_key) VALUES (8973,8974);
INSERT INTO tbl_locations (location_id,registry_object_key) VALUES (8974,8975);
INSERT INTO tbl_locations (location_id,registry_object_key) VALUES (8975,8976);

--tbl_spatial_locations

INSERT INTO tbl_address_locations (address_location_id,location_id) VALUES (8910,8910);
INSERT INTO tbl_address_locations (address_location_id,location_id) VALUES (8911,8911);
INSERT INTO tbl_address_locations (address_location_id,location_id) VALUES (8912,8912);
INSERT INTO tbl_address_locations (address_location_id,location_id) VALUES (8913,8913);
INSERT INTO tbl_address_locations (address_location_id,location_id) VALUES (8914,8914);
INSERT INTO tbl_address_locations (address_location_id,location_id) VALUES (8915,8915);
INSERT INTO tbl_address_locations (address_location_id,location_id) VALUES (8916,8916);
INSERT INTO tbl_address_locations (address_location_id,location_id) VALUES (8917,8917);
INSERT INTO tbl_address_locations (address_location_id,location_id) VALUES (8918,8918);
INSERT INTO tbl_address_locations (address_location_id,location_id) VALUES (8919,8919);
INSERT INTO tbl_address_locations (address_location_id,location_id) VALUES (8920,8920);
INSERT INTO tbl_address_locations (address_location_id,location_id) VALUES (8921,8921);
INSERT INTO tbl_address_locations (address_location_id,location_id) VALUES (8922,8922);
INSERT INTO tbl_address_locations (address_location_id,location_id) VALUES (8923,8923);
INSERT INTO tbl_address_locations (address_location_id,location_id) VALUES (8924,8924);
INSERT INTO tbl_address_locations (address_location_id,location_id) VALUES (8925,8925);
INSERT INTO tbl_address_locations (address_location_id,location_id) VALUES (8926,8926);
INSERT INTO tbl_address_locations (address_location_id,location_id) VALUES (8927,8927);
INSERT INTO tbl_address_locations (address_location_id,location_id) VALUES (8928,8928);
INSERT INTO tbl_address_locations (address_location_id,location_id) VALUES (8929,8929);
INSERT INTO tbl_address_locations (address_location_id,location_id) VALUES (8930,8930);
INSERT INTO tbl_address_locations (address_location_id,location_id) VALUES (8931,8931);
INSERT INTO tbl_address_locations (address_location_id,location_id) VALUES (8932,8932);
INSERT INTO tbl_address_locations (address_location_id,location_id) VALUES (8933,8933);
INSERT INTO tbl_address_locations (address_location_id,location_id) VALUES (8934,8934);
INSERT INTO tbl_address_locations (address_location_id,location_id) VALUES (8935,8935);
INSERT INTO tbl_address_locations (address_location_id,location_id) VALUES (8936,8936);
INSERT INTO tbl_address_locations (address_location_id,location_id) VALUES (8937,8937);
INSERT INTO tbl_address_locations (address_location_id,location_id) VALUES (8938,8938);
INSERT INTO tbl_address_locations (address_location_id,location_id) VALUES (8939,8939);
INSERT INTO tbl_address_locations (address_location_id,location_id) VALUES (8940,8940);
INSERT INTO tbl_address_locations (address_location_id,location_id) VALUES (8941,8941);
INSERT INTO tbl_address_locations (address_location_id,location_id) VALUES (8942,8942);
INSERT INTO tbl_address_locations (address_location_id,location_id) VALUES (8943,8943);
INSERT INTO tbl_address_locations (address_location_id,location_id) VALUES (8944,8944);
INSERT INTO tbl_address_locations (address_location_id,location_id) VALUES (8945,8945);
INSERT INTO tbl_address_locations (address_location_id,location_id) VALUES (8946,8946);
INSERT INTO tbl_address_locations (address_location_id,location_id) VALUES (8947,8947);
INSERT INTO tbl_address_locations (address_location_id,location_id) VALUES (8948,8948);
INSERT INTO tbl_address_locations (address_location_id,location_id) VALUES (8949,8949);
INSERT INTO tbl_address_locations (address_location_id,location_id) VALUES (8950,8950);
INSERT INTO tbl_address_locations (address_location_id,location_id) VALUES (8951,8951);
INSERT INTO tbl_address_locations (address_location_id,location_id) VALUES (8952,8952);
INSERT INTO tbl_address_locations (address_location_id,location_id) VALUES (8953,8953);
INSERT INTO tbl_address_locations (address_location_id,location_id) VALUES (8954,8954);
INSERT INTO tbl_address_locations (address_location_id,location_id) VALUES (8955,8955);
INSERT INTO tbl_address_locations (address_location_id,location_id) VALUES (8956,8956);
INSERT INTO tbl_address_locations (address_location_id,location_id) VALUES (8957,8957);
INSERT INTO tbl_address_locations (address_location_id,location_id) VALUES (8958,8958);
INSERT INTO tbl_address_locations (address_location_id,location_id) VALUES (8959,8959);
INSERT INTO tbl_address_locations (address_location_id,location_id) VALUES (8960,8960);
INSERT INTO tbl_address_locations (address_location_id,location_id) VALUES (8961,8961);
INSERT INTO tbl_address_locations (address_location_id,location_id) VALUES (8962,8962);
INSERT INTO tbl_address_locations (address_location_id,location_id) VALUES (8963,8963);
INSERT INTO tbl_address_locations (address_location_id,location_id) VALUES (8964,8964);
INSERT INTO tbl_address_locations (address_location_id,location_id) VALUES (8965,8965);
INSERT INTO tbl_address_locations (address_location_id,location_id) VALUES (8966,8966);
INSERT INTO tbl_address_locations (address_location_id,location_id) VALUES (8967,8967);
INSERT INTO tbl_address_locations (address_location_id,location_id) VALUES (8968,8968);
INSERT INTO tbl_address_locations (address_location_id,location_id) VALUES (8969,8969);
INSERT INTO tbl_address_locations (address_location_id,location_id) VALUES (8970,8970);
INSERT INTO tbl_address_locations (address_location_id,location_id) VALUES (8971,8971);
INSERT INTO tbl_address_locations (address_location_id,location_id) VALUES (8972,8972);
INSERT INTO tbl_address_locations (address_location_id,location_id) VALUES (8973,8973);
INSERT INTO tbl_address_locations (address_location_id,location_id) VALUES (8974,8974);
INSERT INTO tbl_address_locations (address_location_id,location_id) VALUES (8975,8975);

INSERT INTO tbl_electronic_addresses (electronic_address_id,address_location_id,value,type) VALUES (26817,8910,'976 30 32 43','Teléfono');
INSERT INTO tbl_electronic_addresses (electronic_address_id,address_location_id,value,type) VALUES (26818,8911,'976 72 40 37','Teléfono');
INSERT INTO tbl_electronic_addresses (electronic_address_id,address_location_id,value,type) VALUES (26819,8912,'976 40 46 96','Teléfono');
INSERT INTO tbl_electronic_addresses (electronic_address_id,address_location_id,value,type) VALUES (26820,8913,'976 57 23 07','Teléfono');
INSERT INTO tbl_electronic_addresses (electronic_address_id,address_location_id,value,type) VALUES (26821,8914,'976 50 13 04','Teléfono');
INSERT INTO tbl_electronic_addresses (electronic_address_id,address_location_id,value,type) VALUES (26822,8915,'976 77 03 08','Teléfono');
INSERT INTO tbl_electronic_addresses (electronic_address_id,address_location_id,value,type) VALUES (26823,8916,'976 15 43 31','Teléfono');
INSERT INTO tbl_electronic_addresses (electronic_address_id,address_location_id,value,type) VALUES (26824,8917,'976 50 66 00','Teléfono');
INSERT INTO tbl_electronic_addresses (electronic_address_id,address_location_id,value,type) VALUES (26825,8918,'976 25 91 55','Teléfono');
INSERT INTO tbl_electronic_addresses (electronic_address_id,address_location_id,value,type) VALUES (26826,8919,'976 77 28 93','Teléfono');
INSERT INTO tbl_electronic_addresses (electronic_address_id,address_location_id,value,type) VALUES (26827,8920,'976 57 65 00','Teléfono');
INSERT INTO tbl_electronic_addresses (electronic_address_id,address_location_id,value,type) VALUES (26828,8921,'976 72 10 61','Teléfono');
INSERT INTO tbl_electronic_addresses (electronic_address_id,address_location_id,value,type) VALUES (26829,8922,'976 55 32 34','Teléfono');
INSERT INTO tbl_electronic_addresses (electronic_address_id,address_location_id,value,type) VALUES (26830,8923,'976 53 58 13','Teléfono');
INSERT INTO tbl_electronic_addresses (electronic_address_id,address_location_id,value,type) VALUES (26831,8924,'976 55 28 05','Teléfono');
INSERT INTO tbl_electronic_addresses (electronic_address_id,address_location_id,value,type) VALUES (26832,8925,'976 48 84 33','Teléfono');
INSERT INTO tbl_electronic_addresses (electronic_address_id,address_location_id,value,type) VALUES (26833,8926,'976 75 38 08','Teléfono');
INSERT INTO tbl_electronic_addresses (electronic_address_id,address_location_id,value,type) VALUES (26834,8927,'976 15 01 51','Teléfono');
INSERT INTO tbl_electronic_addresses (electronic_address_id,address_location_id,value,type) VALUES (26835,8928,'976 53 88 20','Teléfono');
INSERT INTO tbl_electronic_addresses (electronic_address_id,address_location_id,value,type) VALUES (26836,8929,'976 58 64 54','Teléfono');
INSERT INTO tbl_electronic_addresses (electronic_address_id,address_location_id,value,type) VALUES (26837,8930,'976 49 68 68','Teléfono');
INSERT INTO tbl_electronic_addresses (electronic_address_id,address_location_id,value,type) VALUES (26838,8931,'976 51 64 53','Teléfono');
INSERT INTO tbl_electronic_addresses (electronic_address_id,address_location_id,value,type) VALUES (26839,8932,'976 20 21 56','Teléfono');
INSERT INTO tbl_electronic_addresses (electronic_address_id,address_location_id,value,type) VALUES (26840,8935,'978 87 05 65 Ext. 233','Teléfono');
INSERT INTO tbl_electronic_addresses (electronic_address_id,address_location_id,value,type) VALUES (26841,8936,'978 87 05 65','Teléfono');
INSERT INTO tbl_electronic_addresses (electronic_address_id,address_location_id,value,type) VALUES (26842,8937,'974 47 04 36','Teléfono');
INSERT INTO tbl_electronic_addresses (electronic_address_id,address_location_id,value,type) VALUES (26843,8938,'976 85 42 63','Teléfono');
INSERT INTO tbl_electronic_addresses (electronic_address_id,address_location_id,value,type) VALUES (26844,8940,'985 78 06 84','Teléfono');
INSERT INTO tbl_electronic_addresses (electronic_address_id,address_location_id,value,type) VALUES (26845,8941,'985 49 41 07','Teléfono');
INSERT INTO tbl_electronic_addresses (electronic_address_id,address_location_id,value,type) VALUES (26846,8942,'985 48 20 28','Teléfono');
INSERT INTO tbl_electronic_addresses (electronic_address_id,address_location_id,value,type) VALUES (26847,8943,'985 57 93 52','Teléfono');
INSERT INTO tbl_electronic_addresses (electronic_address_id,address_location_id,value,type) VALUES (26848,8944,'985 84 50 21','Teléfono');
INSERT INTO tbl_electronic_addresses (electronic_address_id,address_location_id,value,type) VALUES (26849,8945,'985 50 01 85','Teléfono');
INSERT INTO tbl_electronic_addresses (electronic_address_id,address_location_id,value,type) VALUES (26850,8946,'985 63 62 02','Teléfono');
INSERT INTO tbl_electronic_addresses (electronic_address_id,address_location_id,value,type) VALUES (26851,8947,'985 51 82 08','Teléfono');
INSERT INTO tbl_electronic_addresses (electronic_address_id,address_location_id,value,type) VALUES (26852,8948,'985 51 14 09','Teléfono');
INSERT INTO tbl_electronic_addresses (electronic_address_id,address_location_id,value,type) VALUES (26853,8949,'985 18 16 92','Teléfono');
INSERT INTO tbl_electronic_addresses (electronic_address_id,address_location_id,value,type) VALUES (26854,8950,'985 18 16 61','Teléfono');
INSERT INTO tbl_electronic_addresses (electronic_address_id,address_location_id,value,type) VALUES (26855,8951,'985 30 00 30','Teléfono');
INSERT INTO tbl_electronic_addresses (electronic_address_id,address_location_id,value,type) VALUES (26856,8952,'985 18 17 33','Teléfono');
INSERT INTO tbl_electronic_addresses (electronic_address_id,address_location_id,value,type) VALUES (26857,8953,'985 18 51 14','Teléfono');
INSERT INTO tbl_electronic_addresses (electronic_address_id,address_location_id,value,type) VALUES (26858,8954,'985 13 76 86','Teléfono');
INSERT INTO tbl_electronic_addresses (electronic_address_id,address_location_id,value,type) VALUES (26859,8955,'985 67 81 58','Teléfono');
INSERT INTO tbl_electronic_addresses (electronic_address_id,address_location_id,value,type) VALUES (26860,8956,'985 60 26 75','Teléfono');
INSERT INTO tbl_electronic_addresses (electronic_address_id,address_location_id,value,type) VALUES (26861,8957,'985 61 40 79','Teléfono');
INSERT INTO tbl_electronic_addresses (electronic_address_id,address_location_id,value,type) VALUES (26862,8958,'985 40 60 41','Teléfono');
INSERT INTO tbl_electronic_addresses (electronic_address_id,address_location_id,value,type) VALUES (26863,8959,'985 43 27 10','Teléfono');
INSERT INTO tbl_electronic_addresses (electronic_address_id,address_location_id,value,type) VALUES (26864,8948,'985 51 17 10','Teléfono');
INSERT INTO tbl_electronic_addresses (electronic_address_id,address_location_id,value,type) VALUES (26865,8958,'985 40 72 61','Teléfono');
INSERT INTO tbl_electronic_addresses (electronic_address_id,address_location_id,value,type) VALUES (26866,8911,'976 59 78 50','Fax');
INSERT INTO tbl_electronic_addresses (electronic_address_id,address_location_id,value,type) VALUES (26867,8917,'976 50 66 01','Fax');
INSERT INTO tbl_electronic_addresses (electronic_address_id,address_location_id,value,type) VALUES (26868,8935,'978 87 00 33','Fax');
INSERT INTO tbl_electronic_addresses (electronic_address_id,address_location_id,value,type) VALUES (26869,8936,'978 87 00 33','Fax');
INSERT INTO tbl_electronic_addresses (electronic_address_id,address_location_id,value,type) VALUES (26870,8955,'985 69 86 29','Fax');
INSERT INTO tbl_electronic_addresses (electronic_address_id,address_location_id,value,type) VALUES (26871,8910,'bibliotecas-garrapinillos@zaragoza.es','email');
INSERT INTO tbl_electronic_addresses (electronic_address_id,address_location_id,value,type) VALUES (26872,8911,'bibliotecas-rmagdalena@zaragoza.es','email');
INSERT INTO tbl_electronic_addresses (electronic_address_id,address_location_id,value,type) VALUES (26873,8912,'bibliotecas-randolz@zaragoza.es','email');
INSERT INTO tbl_electronic_addresses (electronic_address_id,address_location_id,value,type) VALUES (26874,8913,'bibliotecas-santaisabel@zaragoza.es','email');
INSERT INTO tbl_electronic_addresses (electronic_address_id,address_location_id,value,type) VALUES (26875,8914,'bibliotecas-cartujabaja@zaragoza.es','email');
INSERT INTO tbl_electronic_addresses (electronic_address_id,address_location_id,value,type) VALUES (26876,8915,'bibliotecas-casetas@zaragoza.es','email');
INSERT INTO tbl_electronic_addresses (electronic_address_id,address_location_id,value,type) VALUES (26877,8916,'bibliotecas-penaflor@zaragoza.es','email');
INSERT INTO tbl_electronic_addresses (electronic_address_id,address_location_id,value,type) VALUES (26878,8917,'bibliotecas-bjarnes@zaragoza.es','email');
INSERT INTO tbl_electronic_addresses (electronic_address_id,address_location_id,value,type) VALUES (26879,8918,'bibliotecas-flcarreter@zaragoza.es','email');
INSERT INTO tbl_electronic_addresses (electronic_address_id,address_location_id,value,type) VALUES (26880,8919,'bibliotecas-monzalbarba@zaragoza.es','email');
INSERT INTO tbl_electronic_addresses (electronic_address_id,address_location_id,value,type) VALUES (26881,8920,'bibliotecas-montanana@zaragoza.es','email');
INSERT INTO tbl_electronic_addresses (electronic_address_id,address_location_id,value,type) VALUES (26882,8921,'bibliotecas-staorosia@zaragoza.es','email');
INSERT INTO tbl_electronic_addresses (electronic_address_id,address_location_id,value,type) VALUES (26883,8922,'bibliotecas-cervantes@zaragoza.es','email');
INSERT INTO tbl_electronic_addresses (electronic_address_id,address_location_id,value,type) VALUES (26884,8923,'bibliotecas-oliver@zaragoza.es','email');
INSERT INTO tbl_electronic_addresses (electronic_address_id,address_location_id,value,type) VALUES (26885,8924,'bibliotecas-casablanca@zaragoza.es','email');
INSERT INTO tbl_electronic_addresses (electronic_address_id,address_location_id,value,type) VALUES (26886,8925,'bibliotecas-malvar@zaragoza.es','email');
INSERT INTO tbl_electronic_addresses (electronic_address_id,address_location_id,value,type) VALUES (26887,8926,'bibliotecas-valdefierro@zaragoza.es','email');
INSERT INTO tbl_electronic_addresses (electronic_address_id,address_location_id,value,type) VALUES (26888,8927,'bibliotecas-sanjuan@zaragoza.es','email');
INSERT INTO tbl_electronic_addresses (electronic_address_id,address_location_id,value,type) VALUES (26889,8928,'bibliotecas-miralbueno@zaragoza.es','email');
INSERT INTO tbl_electronic_addresses (electronic_address_id,address_location_id,value,type) VALUES (26890,8929,'bibliotecas-movera@zaragoza.es','email');
INSERT INTO tbl_electronic_addresses (electronic_address_id,address_location_id,value,type) VALUES (26891,8930,'bibliotecas-reydelcorral@zaragoza.es','email');
INSERT INTO tbl_electronic_addresses (electronic_address_id,address_location_id,value,type) VALUES (26892,8931,'bibliotecas-jtomeo@zaragoza.es','email');
INSERT INTO tbl_electronic_addresses (electronic_address_id,address_location_id,value,type) VALUES (26893,8932,'bibliotecas-mmoliner@zaragoza.es','email');
INSERT INTO tbl_electronic_addresses (electronic_address_id,address_location_id,value,type) VALUES (26894,8933,'biblioteca_litera@fraga.org','email');
INSERT INTO tbl_electronic_addresses (electronic_address_id,address_location_id,value,type) VALUES (26895,8934,'biblioteca_mirasol@fraga.org','email');
INSERT INTO tbl_electronic_addresses (electronic_address_id,address_location_id,value,type) VALUES (26896,8935,'biblioteca@alcaniz.es','email');
INSERT INTO tbl_electronic_addresses (electronic_address_id,address_location_id,value,type) VALUES (26897,8936,'bib-puigmoreno@alcaniz.es','email');
INSERT INTO tbl_electronic_addresses (electronic_address_id,address_location_id,value,type) VALUES (26898,8937,'biblioteca_infantil@fraga.org','email');
INSERT INTO tbl_electronic_addresses (electronic_address_id,address_location_id,value,type) VALUES (26899,8939,'santaengracia@dpz.es','email');
INSERT INTO tbl_electronic_addresses (electronic_address_id,address_location_id,value,type) VALUES (26900,8940,'biblio-scl@ayto-oviedo.es','email');
INSERT INTO tbl_electronic_addresses (electronic_address_id,address_location_id,value,type) VALUES (26901,8941,'biblioteca.cabanaquinta@aller.es','email');
INSERT INTO tbl_electronic_addresses (electronic_address_id,address_location_id,value,type) VALUES (26902,8942,'biblioteca.caborana@aller.es','email');
INSERT INTO tbl_electronic_addresses (electronic_address_id,address_location_id,value,type) VALUES (26903,8943,'bibliotecalaluz@ayto-aviles.es','email');
INSERT INTO tbl_electronic_addresses (electronic_address_id,address_location_id,value,type) VALUES (26904,8945,'biblio_salinas@ayto-castrillon.es','email');
INSERT INTO tbl_electronic_addresses (electronic_address_id,address_location_id,value,type) VALUES (26905,8946,'bibliofigueras@castropol.es','email');
INSERT INTO tbl_electronic_addresses (electronic_address_id,address_location_id,value,type) VALUES (26906,8947,'biblio-cancienes@ayto-corvera.es','email');
INSERT INTO tbl_electronic_addresses (electronic_address_id,address_location_id,value,type) VALUES (26907,8948,'bibliotecacanapes@ayto-aviles.es','email');
INSERT INTO tbl_electronic_addresses (electronic_address_id,address_location_id,value,type) VALUES (26908,8949,'bibliotecaroces@gijon.es','email');
INSERT INTO tbl_electronic_addresses (electronic_address_id,address_location_id,value,type) VALUES (26909,8950,'bibliotecagijonsur@gijon.es','email');
INSERT INTO tbl_electronic_addresses (electronic_address_id,address_location_id,value,type) VALUES (26910,8951,'bibliotecamontiana@gijon.es','email');
INSERT INTO tbl_electronic_addresses (electronic_address_id,address_location_id,value,type) VALUES (26911,8952,'bibliotecacoto@gijon.es','email');
INSERT INTO tbl_electronic_addresses (electronic_address_id,address_location_id,value,type) VALUES (26912,8953,'bibliotecacontrueces@gijon.es','email');
INSERT INTO tbl_electronic_addresses (electronic_address_id,address_location_id,value,type) VALUES (26913,8954,'bibliotecacamocha@gijón.es','email');
INSERT INTO tbl_electronic_addresses (electronic_address_id,address_location_id,value,type) VALUES (26914,8955,'biblioteca_sama@ayto-langreo.es','email');
INSERT INTO tbl_electronic_addresses (electronic_address_id,address_location_id,value,type) VALUES (26915,8956,'bibbarredos@ayto-laviana.es','email');
INSERT INTO tbl_electronic_addresses (electronic_address_id,address_location_id,value,type) VALUES (26916,8957,'bibcondado@ayto-laviana.es','email');
INSERT INTO tbl_electronic_addresses (electronic_address_id,address_location_id,value,type) VALUES (26917,8958,'dolores_ojeda@hotmail.com','email');
INSERT INTO tbl_electronic_addresses (electronic_address_id,address_location_id,value,type) VALUES (26918,8959,'biblioturon@ayto-mieres.es','email');
INSERT INTO tbl_electronic_addresses (electronic_address_id,address_location_id,value,type) VALUES (26919,8910,'http://bibliotecas-municipales.zaragoza.es/','url');
INSERT INTO tbl_electronic_addresses (electronic_address_id,address_location_id,value,type) VALUES (26920,8911,'http://bibliotecas-municipales.zaragoza.es','url');
INSERT INTO tbl_electronic_addresses (electronic_address_id,address_location_id,value,type) VALUES (26921,8912,'http://bibliotecas-municipales.zaragoza.es/','url');
INSERT INTO tbl_electronic_addresses (electronic_address_id,address_location_id,value,type) VALUES (26922,8913,'http://bibliotecas-municipales.zaragoza.es/','url');
INSERT INTO tbl_electronic_addresses (electronic_address_id,address_location_id,value,type) VALUES (26923,8914,'http://bibliotecas-municipales.zaragoza.es/','url');
INSERT INTO tbl_electronic_addresses (electronic_address_id,address_location_id,value,type) VALUES (26924,8915,'http://bibliotecas-municipales.zaragoza.es/','url');
INSERT INTO tbl_electronic_addresses (electronic_address_id,address_location_id,value,type) VALUES (26925,8916,'http://bibliotecas-municipales.zaragoza.es/','url');
INSERT INTO tbl_electronic_addresses (electronic_address_id,address_location_id,value,type) VALUES (26926,8917,'http://bibliotecas-municipales.zaragoza.es/','url');
INSERT INTO tbl_electronic_addresses (electronic_address_id,address_location_id,value,type) VALUES (26927,8918,'http://bibliotecas-municipales.zaragoza.es','url');
INSERT INTO tbl_electronic_addresses (electronic_address_id,address_location_id,value,type) VALUES (26928,8919,'http://bibliotecas-municipales.zaragoza.es/','url');
INSERT INTO tbl_electronic_addresses (electronic_address_id,address_location_id,value,type) VALUES (26929,8920,'http://bibliotecas-municipales.zaragoza.es/','url');
INSERT INTO tbl_electronic_addresses (electronic_address_id,address_location_id,value,type) VALUES (26930,8921,'http://bibliotecas-municipales.zaragoza.es/','url');
INSERT INTO tbl_electronic_addresses (electronic_address_id,address_location_id,value,type) VALUES (26931,8922,'http://bibliotecas-municipales.zaragoza.es/','url');
INSERT INTO tbl_electronic_addresses (electronic_address_id,address_location_id,value,type) VALUES (26932,8923,'http://bibliotecas-municipales.zaragoza.es/','url');
INSERT INTO tbl_electronic_addresses (electronic_address_id,address_location_id,value,type) VALUES (26933,8924,'http://bibliotecas-municipales.zaragoza.es/','url');
INSERT INTO tbl_electronic_addresses (electronic_address_id,address_location_id,value,type) VALUES (26934,8925,'http://bibliotecas-municipales.zaragoza.es/','url');
INSERT INTO tbl_electronic_addresses (electronic_address_id,address_location_id,value,type) VALUES (26935,8926,'http://bibliotecas-municipales.zaragoza.es/','url');
INSERT INTO tbl_electronic_addresses (electronic_address_id,address_location_id,value,type) VALUES (26936,8927,'http://bibliotecas-municipales.zaragoza.es/','url');
INSERT INTO tbl_electronic_addresses (electronic_address_id,address_location_id,value,type) VALUES (26937,8928,'http://bibliotecas-municipales.zaragoza.es/','url');
INSERT INTO tbl_electronic_addresses (electronic_address_id,address_location_id,value,type) VALUES (26938,8929,'http://bibliotecas-municipales.zaragoza.es/','url');
INSERT INTO tbl_electronic_addresses (electronic_address_id,address_location_id,value,type) VALUES (26939,8930,'http://bibliotecas-municipales.zaragoza.es/','url');
INSERT INTO tbl_electronic_addresses (electronic_address_id,address_location_id,value,type) VALUES (26940,8931,'http://bibliotecas-municipales.zaragoza.es/','url');
INSERT INTO tbl_electronic_addresses (electronic_address_id,address_location_id,value,type) VALUES (26941,8932,'http://bibliotecas-municipales.zaragoza.es/','url');
INSERT INTO tbl_electronic_addresses (electronic_address_id,address_location_id,value,type) VALUES (26942,8935,'http://www.alcaniz.es/index.php?option=com_content&view=article&id=187&Itemid=235','url');
INSERT INTO tbl_electronic_addresses (electronic_address_id,address_location_id,value,type) VALUES (26943,8936,'http://www.alcaniz.es/index.php?option=com_content&view=article&id=187&Itemid=235','url');
INSERT INTO tbl_electronic_addresses (electronic_address_id,address_location_id,value,type) VALUES (26944,8945,'http://www.bibliotecaspublicas.es/salinas/index.jsp','url');
INSERT INTO tbl_electronic_addresses (electronic_address_id,address_location_id,value,type) VALUES (26945,8949,'http://bibliotecas.gijon.es/','url');
INSERT INTO tbl_electronic_addresses (electronic_address_id,address_location_id,value,type) VALUES (26946,8950,'http://bibliotecas.gijon.es/','url');
INSERT INTO tbl_electronic_addresses (electronic_address_id,address_location_id,value,type) VALUES (26947,8951,'http://bibliotecas.gijon.es/','url');
INSERT INTO tbl_electronic_addresses (electronic_address_id,address_location_id,value,type) VALUES (26948,8952,'http://bibliotecas.gijon.es/','url');
INSERT INTO tbl_electronic_addresses (electronic_address_id,address_location_id,value,type) VALUES (26949,8953,'http://bibliotecas.gijon.es/','url');
INSERT INTO tbl_electronic_addresses (electronic_address_id,address_location_id,value,type) VALUES (26950,8954,'http://bibliotecas.gijon.es/','url');
INSERT INTO tbl_electronic_addresses (electronic_address_id,address_location_id,value,type) VALUES (26951,8955,'http://www.bibliotecaspublicas.es/langreo/index.jsp','url');
INSERT INTO tbl_electronic_addresses (electronic_address_id,address_location_id,value,type) VALUES (26952,8958,'http://www.bibliotecaspublicas.es/llanes/index.jsp','url');
INSERT INTO tbl_electronic_addresses (electronic_address_id,address_location_id,value,type) VALUES (26953,8960,'974 47 34 20','Teléfono');
INSERT INTO tbl_electronic_addresses (electronic_address_id,address_location_id,value,type) VALUES (26954,8961,'985 48 20 28','Teléfono');
INSERT INTO tbl_electronic_addresses (electronic_address_id,address_location_id,value,type) VALUES (26955,8962,'985 51 04 39','Teléfono');
INSERT INTO tbl_electronic_addresses (electronic_address_id,address_location_id,value,type) VALUES (26956,8963,'985 84 50 21','Teléfono');
INSERT INTO tbl_electronic_addresses (electronic_address_id,address_location_id,value,type) VALUES (26957,8964,'985 53 31 75','Teléfono');
INSERT INTO tbl_electronic_addresses (electronic_address_id,address_location_id,value,type) VALUES (26958,8965,'985 63 55 12','Teléfono');
INSERT INTO tbl_electronic_addresses (electronic_address_id,address_location_id,value,type) VALUES (26959,8966,'985 57 06 44','Teléfono');
INSERT INTO tbl_electronic_addresses (electronic_address_id,address_location_id,value,type) VALUES (26960,8967,'985 69 05 13','Teléfono');
INSERT INTO tbl_electronic_addresses (electronic_address_id,address_location_id,value,type) VALUES (26961,8968,'985 40 01 74','Teléfono');
INSERT INTO tbl_electronic_addresses (electronic_address_id,address_location_id,value,type) VALUES (26962,8969,'985 45 62 94','Teléfono');
INSERT INTO tbl_electronic_addresses (electronic_address_id,address_location_id,value,type) VALUES (26963,8970,'985 98 18 00 Ext. 2415','Teléfono');
INSERT INTO tbl_electronic_addresses (electronic_address_id,address_location_id,value,type) VALUES (26964,8971,'985 61 08 51','Teléfono');
INSERT INTO tbl_electronic_addresses (electronic_address_id,address_location_id,value,type) VALUES (26965,8972,'978 87 05 65 Ext. 233','Teléfono');
INSERT INTO tbl_electronic_addresses (electronic_address_id,address_location_id,value,type) VALUES (26966,8973,'976 85 49 50','Teléfono');
INSERT INTO tbl_electronic_addresses (electronic_address_id,address_location_id,value,type) VALUES (26967,8974,'976 72 40 35','Teléfono');
INSERT INTO tbl_electronic_addresses (electronic_address_id,address_location_id,value,type) VALUES (26968,8975,'985 18 10 62','Teléfono');
INSERT INTO tbl_electronic_addresses (electronic_address_id,address_location_id,value,type) VALUES (26969,8962,'985 51 04 52','Teléfono');
INSERT INTO tbl_electronic_addresses (electronic_address_id,address_location_id,value,type) VALUES (26970,8969,'985 45 06 66','Teléfono');
INSERT INTO tbl_electronic_addresses (electronic_address_id,address_location_id,value,type) VALUES (26971,8973,'663 06 07 61','Teléfono');
INSERT INTO tbl_electronic_addresses (electronic_address_id,address_location_id,value,type) VALUES (26972,8960,'974 47 30 81','Fax');
INSERT INTO tbl_electronic_addresses (electronic_address_id,address_location_id,value,type) VALUES (26973,8962,'985 51 13 52','Fax');
INSERT INTO tbl_electronic_addresses (electronic_address_id,address_location_id,value,type) VALUES (26974,8966,'985 57 58 56','Fax');
INSERT INTO tbl_electronic_addresses (electronic_address_id,address_location_id,value,type) VALUES (26975,8969,'984 18 29 02','Fax');
INSERT INTO tbl_electronic_addresses (electronic_address_id,address_location_id,value,type) VALUES (26976,8972,'978 87 00 33','Fax');
INSERT INTO tbl_electronic_addresses (electronic_address_id,address_location_id,value,type) VALUES (26977,8973,'976 85 50 00','Fax');
INSERT INTO tbl_electronic_addresses (electronic_address_id,address_location_id,value,type) VALUES (26978,8974,'976 59 78 50','Fax');
INSERT INTO tbl_electronic_addresses (electronic_address_id,address_location_id,value,type) VALUES (26979,8960,'biblioteca@fraga.org','email');
INSERT INTO tbl_electronic_addresses (electronic_address_id,address_location_id,value,type) VALUES (26980,8961,'biblioteca.moreda@aller.es','email');
INSERT INTO tbl_electronic_addresses (electronic_address_id,address_location_id,value,type) VALUES (26981,8962,'m.delrosario.fernandezmontano@asturias.org','email');
INSERT INTO tbl_electronic_addresses (electronic_address_id,address_location_id,value,type) VALUES (26982,8964,'biblio_pblancas@ayto-castrillon.es','email');
INSERT INTO tbl_electronic_addresses (electronic_address_id,address_location_id,value,type) VALUES (26983,8965,'biblioteca@castropol.es','email');
INSERT INTO tbl_electronic_addresses (electronic_address_id,address_location_id,value,type) VALUES (26984,8966,'biblio-lasvegas@ayto-corvera.es','email');
INSERT INTO tbl_electronic_addresses (electronic_address_id,address_location_id,value,type) VALUES (26985,8967,'biblioteca_lafelguera@ayto-langreo.es','email');
INSERT INTO tbl_electronic_addresses (electronic_address_id,address_location_id,value,type) VALUES (26986,8968,'crispenil@gmail.com','email');
INSERT INTO tbl_electronic_addresses (electronic_address_id,address_location_id,value,type) VALUES (26987,8969,'biblioteca@ayto-mieres.es','email');
INSERT INTO tbl_electronic_addresses (electronic_address_id,address_location_id,value,type) VALUES (26988,8970,'biblio-coordinadora@ayto-oviedo.es','email');
INSERT INTO tbl_electronic_addresses (electronic_address_id,address_location_id,value,type) VALUES (26989,8971,'biblioteca@ayto-laviana.es','email');
INSERT INTO tbl_electronic_addresses (electronic_address_id,address_location_id,value,type) VALUES (26990,8972,'biblioteca@alcaniz.es','email');
INSERT INTO tbl_electronic_addresses (electronic_address_id,address_location_id,value,type) VALUES (26991,8973,'biblioteca.tauste@dpz.es','email');
INSERT INTO tbl_electronic_addresses (electronic_address_id,address_location_id,value,type) VALUES (26992,8974,'bibliotecas@zaragoza.es','email');
INSERT INTO tbl_electronic_addresses (electronic_address_id,address_location_id,value,type) VALUES (26993,8975,'bibliotecacentral@gijon.es','email');
INSERT INTO tbl_electronic_addresses (electronic_address_id,address_location_id,value,type) VALUES (26994,8960,'http://www.redbibliotecasaragon.es','url');
INSERT INTO tbl_electronic_addresses (electronic_address_id,address_location_id,value,type) VALUES (26995,8962,'http://www.bibliotecaspublicas.es/aviles','url');
INSERT INTO tbl_electronic_addresses (electronic_address_id,address_location_id,value,type) VALUES (26996,8968,'http://www.bibliotecaspublicas.es/llanes/index.jsp','url');
INSERT INTO tbl_electronic_addresses (electronic_address_id,address_location_id,value,type) VALUES (26997,8969,'http://www.bibliotecaspublicas.es/mieres/index.jsp','url');
INSERT INTO tbl_electronic_addresses (electronic_address_id,address_location_id,value,type) VALUES (26998,8970,'http://www.ayto-oviedo.es/es/areasMunicipales/educacion/bibliotecas/bibliotecas.php','url');
INSERT INTO tbl_electronic_addresses (electronic_address_id,address_location_id,value,type) VALUES (26999,8972,'http://www.alcaniz.es/index.php?option=com_content&view=article&id=187&Itemid=235','url');
INSERT INTO tbl_electronic_addresses (electronic_address_id,address_location_id,value,type) VALUES (27000,8973,'http://www.redbibliotecasaragon.es','url');
INSERT INTO tbl_electronic_addresses (electronic_address_id,address_location_id,value,type) VALUES (27001,8974,'http://bibliotecas-municipales.zaragoza.es','url');
INSERT INTO tbl_electronic_addresses (electronic_address_id,address_location_id,value,type) VALUES (27002,8975,'http://bibliotecas.gijon.es/','url');

--tbl_electronic_address_args

INSERT INTO tbl_physical_addresses (physical_address_id,address_location_id,type,lang) VALUES (8905,8910,NULL,NULL);
INSERT INTO tbl_physical_addresses (physical_address_id,address_location_id,type,lang) VALUES (8906,8911,NULL,NULL);
INSERT INTO tbl_physical_addresses (physical_address_id,address_location_id,type,lang) VALUES (8907,8912,NULL,NULL);
INSERT INTO tbl_physical_addresses (physical_address_id,address_location_id,type,lang) VALUES (8908,8913,NULL,NULL);
INSERT INTO tbl_physical_addresses (physical_address_id,address_location_id,type,lang) VALUES (8909,8914,NULL,NULL);
INSERT INTO tbl_physical_addresses (physical_address_id,address_location_id,type,lang) VALUES (8910,8915,NULL,NULL);
INSERT INTO tbl_physical_addresses (physical_address_id,address_location_id,type,lang) VALUES (8911,8916,NULL,NULL);
INSERT INTO tbl_physical_addresses (physical_address_id,address_location_id,type,lang) VALUES (8912,8917,NULL,NULL);
INSERT INTO tbl_physical_addresses (physical_address_id,address_location_id,type,lang) VALUES (8913,8918,NULL,NULL);
INSERT INTO tbl_physical_addresses (physical_address_id,address_location_id,type,lang) VALUES (8914,8919,NULL,NULL);
INSERT INTO tbl_physical_addresses (physical_address_id,address_location_id,type,lang) VALUES (8915,8920,NULL,NULL);
INSERT INTO tbl_physical_addresses (physical_address_id,address_location_id,type,lang) VALUES (8916,8921,NULL,NULL);
INSERT INTO tbl_physical_addresses (physical_address_id,address_location_id,type,lang) VALUES (8917,8922,NULL,NULL);
INSERT INTO tbl_physical_addresses (physical_address_id,address_location_id,type,lang) VALUES (8918,8923,NULL,NULL);
INSERT INTO tbl_physical_addresses (physical_address_id,address_location_id,type,lang) VALUES (8919,8924,NULL,NULL);
INSERT INTO tbl_physical_addresses (physical_address_id,address_location_id,type,lang) VALUES (8920,8925,NULL,NULL);
INSERT INTO tbl_physical_addresses (physical_address_id,address_location_id,type,lang) VALUES (8921,8926,NULL,NULL);
INSERT INTO tbl_physical_addresses (physical_address_id,address_location_id,type,lang) VALUES (8922,8927,NULL,NULL);
INSERT INTO tbl_physical_addresses (physical_address_id,address_location_id,type,lang) VALUES (8923,8928,NULL,NULL);
INSERT INTO tbl_physical_addresses (physical_address_id,address_location_id,type,lang) VALUES (8924,8929,NULL,NULL);
INSERT INTO tbl_physical_addresses (physical_address_id,address_location_id,type,lang) VALUES (8925,8930,NULL,NULL);
INSERT INTO tbl_physical_addresses (physical_address_id,address_location_id,type,lang) VALUES (8926,8931,NULL,NULL);
INSERT INTO tbl_physical_addresses (physical_address_id,address_location_id,type,lang) VALUES (8927,8932,NULL,NULL);
INSERT INTO tbl_physical_addresses (physical_address_id,address_location_id,type,lang) VALUES (8928,8933,NULL,NULL);
INSERT INTO tbl_physical_addresses (physical_address_id,address_location_id,type,lang) VALUES (8929,8934,NULL,NULL);
INSERT INTO tbl_physical_addresses (physical_address_id,address_location_id,type,lang) VALUES (8930,8935,NULL,NULL);
INSERT INTO tbl_physical_addresses (physical_address_id,address_location_id,type,lang) VALUES (8931,8936,NULL,NULL);
INSERT INTO tbl_physical_addresses (physical_address_id,address_location_id,type,lang) VALUES (8932,8937,NULL,NULL);
INSERT INTO tbl_physical_addresses (physical_address_id,address_location_id,type,lang) VALUES (8933,8938,NULL,NULL);
INSERT INTO tbl_physical_addresses (physical_address_id,address_location_id,type,lang) VALUES (8934,8939,NULL,NULL);
INSERT INTO tbl_physical_addresses (physical_address_id,address_location_id,type,lang) VALUES (8935,8940,NULL,NULL);
INSERT INTO tbl_physical_addresses (physical_address_id,address_location_id,type,lang) VALUES (8936,8941,NULL,NULL);
INSERT INTO tbl_physical_addresses (physical_address_id,address_location_id,type,lang) VALUES (8937,8942,NULL,NULL);
INSERT INTO tbl_physical_addresses (physical_address_id,address_location_id,type,lang) VALUES (8938,8943,NULL,NULL);
INSERT INTO tbl_physical_addresses (physical_address_id,address_location_id,type,lang) VALUES (8939,8944,NULL,NULL);
INSERT INTO tbl_physical_addresses (physical_address_id,address_location_id,type,lang) VALUES (8940,8945,NULL,NULL);
INSERT INTO tbl_physical_addresses (physical_address_id,address_location_id,type,lang) VALUES (8941,8946,NULL,NULL);
INSERT INTO tbl_physical_addresses (physical_address_id,address_location_id,type,lang) VALUES (8942,8947,NULL,NULL);
INSERT INTO tbl_physical_addresses (physical_address_id,address_location_id,type,lang) VALUES (8943,8948,NULL,NULL);
INSERT INTO tbl_physical_addresses (physical_address_id,address_location_id,type,lang) VALUES (8944,8949,NULL,NULL);
INSERT INTO tbl_physical_addresses (physical_address_id,address_location_id,type,lang) VALUES (8945,8950,NULL,NULL);
INSERT INTO tbl_physical_addresses (physical_address_id,address_location_id,type,lang) VALUES (8946,8951,NULL,NULL);
INSERT INTO tbl_physical_addresses (physical_address_id,address_location_id,type,lang) VALUES (8947,8952,NULL,NULL);
INSERT INTO tbl_physical_addresses (physical_address_id,address_location_id,type,lang) VALUES (8948,8953,NULL,NULL);
INSERT INTO tbl_physical_addresses (physical_address_id,address_location_id,type,lang) VALUES (8949,8954,NULL,NULL);
INSERT INTO tbl_physical_addresses (physical_address_id,address_location_id,type,lang) VALUES (8950,8955,NULL,NULL);
INSERT INTO tbl_physical_addresses (physical_address_id,address_location_id,type,lang) VALUES (8951,8956,NULL,NULL);
INSERT INTO tbl_physical_addresses (physical_address_id,address_location_id,type,lang) VALUES (8952,8957,NULL,NULL);
INSERT INTO tbl_physical_addresses (physical_address_id,address_location_id,type,lang) VALUES (8953,8958,NULL,NULL);
INSERT INTO tbl_physical_addresses (physical_address_id,address_location_id,type,lang) VALUES (8954,8959,NULL,NULL);
INSERT INTO tbl_physical_addresses (physical_address_id,address_location_id,type,lang) VALUES (8955,8960,NULL,NULL);
INSERT INTO tbl_physical_addresses (physical_address_id,address_location_id,type,lang) VALUES (8956,8961,NULL,NULL);
INSERT INTO tbl_physical_addresses (physical_address_id,address_location_id,type,lang) VALUES (8957,8962,NULL,NULL);
INSERT INTO tbl_physical_addresses (physical_address_id,address_location_id,type,lang) VALUES (8958,8963,NULL,NULL);
INSERT INTO tbl_physical_addresses (physical_address_id,address_location_id,type,lang) VALUES (8959,8964,NULL,NULL);
INSERT INTO tbl_physical_addresses (physical_address_id,address_location_id,type,lang) VALUES (8960,8965,NULL,NULL);
INSERT INTO tbl_physical_addresses (physical_address_id,address_location_id,type,lang) VALUES (8961,8966,NULL,NULL);
INSERT INTO tbl_physical_addresses (physical_address_id,address_location_id,type,lang) VALUES (8962,8967,NULL,NULL);
INSERT INTO tbl_physical_addresses (physical_address_id,address_location_id,type,lang) VALUES (8963,8968,NULL,NULL);
INSERT INTO tbl_physical_addresses (physical_address_id,address_location_id,type,lang) VALUES (8964,8969,NULL,NULL);
INSERT INTO tbl_physical_addresses (physical_address_id,address_location_id,type,lang) VALUES (8965,8970,NULL,NULL);
INSERT INTO tbl_physical_addresses (physical_address_id,address_location_id,type,lang) VALUES (8966,8971,NULL,NULL);
INSERT INTO tbl_physical_addresses (physical_address_id,address_location_id,type,lang) VALUES (8967,8972,NULL,NULL);
INSERT INTO tbl_physical_addresses (physical_address_id,address_location_id,type,lang) VALUES (8968,8973,NULL,NULL);
INSERT INTO tbl_physical_addresses (physical_address_id,address_location_id,type,lang) VALUES (8969,8974,NULL,NULL);
INSERT INTO tbl_physical_addresses (physical_address_id,address_location_id,type,lang) VALUES (8970,8975,NULL,NULL);

INSERT INTO tbl_address_parts (address_part_id,physical_address_id,value,type,lang) VALUES (65832,8905,'Calle','Vía',NULL);
INSERT INTO tbl_address_parts (address_part_id,physical_address_id,value,type,lang) VALUES (65833,8906,'Avenida','Vía',NULL);
INSERT INTO tbl_address_parts (address_part_id,physical_address_id,value,type,lang) VALUES (65834,8907,'Avenida','Vía',NULL);
INSERT INTO tbl_address_parts (address_part_id,physical_address_id,value,type,lang) VALUES (65835,8908,'Avenida','Vía',NULL);
INSERT INTO tbl_address_parts (address_part_id,physical_address_id,value,type,lang) VALUES (65836,8909,'Calle','Vía',NULL);
INSERT INTO tbl_address_parts (address_part_id,physical_address_id,value,type,lang) VALUES (65837,8910,'Calle','Vía',NULL);
INSERT INTO tbl_address_parts (address_part_id,physical_address_id,value,type,lang) VALUES (65838,8911,'Calle','Vía',NULL);
INSERT INTO tbl_address_parts (address_part_id,physical_address_id,value,type,lang) VALUES (65839,8912,'Calle','Vía',NULL);
INSERT INTO tbl_address_parts (address_part_id,physical_address_id,value,type,lang) VALUES (65840,8913,'Calle','Vía',NULL);
INSERT INTO tbl_address_parts (address_part_id,physical_address_id,value,type,lang) VALUES (65841,8914,'Calle','Vía',NULL);
INSERT INTO tbl_address_parts (address_part_id,physical_address_id,value,type,lang) VALUES (65842,8915,'Calle','Vía',NULL);
INSERT INTO tbl_address_parts (address_part_id,physical_address_id,value,type,lang) VALUES (65843,8916,'Calle','Vía',NULL);
INSERT INTO tbl_address_parts (address_part_id,physical_address_id,value,type,lang) VALUES (65844,8917,'Calle','Vía',NULL);
INSERT INTO tbl_address_parts (address_part_id,physical_address_id,value,type,lang) VALUES (65845,8918,'Calle','Vía',NULL);
INSERT INTO tbl_address_parts (address_part_id,physical_address_id,value,type,lang) VALUES (65846,8919,'Calle','Vía',NULL);
INSERT INTO tbl_address_parts (address_part_id,physical_address_id,value,type,lang) VALUES (65847,8920,'Parque','Vía',NULL);
INSERT INTO tbl_address_parts (address_part_id,physical_address_id,value,type,lang) VALUES (65848,8921,'Plaza','Vía',NULL);
INSERT INTO tbl_address_parts (address_part_id,physical_address_id,value,type,lang) VALUES (65849,8922,'Plaza','Vía',NULL);
INSERT INTO tbl_address_parts (address_part_id,physical_address_id,value,type,lang) VALUES (65850,8923,'Plaza','Vía',NULL);
INSERT INTO tbl_address_parts (address_part_id,physical_address_id,value,type,lang) VALUES (65851,8924,'Plaza','Vía',NULL);
INSERT INTO tbl_address_parts (address_part_id,physical_address_id,value,type,lang) VALUES (65852,8925,'Plaza','Vía',NULL);
INSERT INTO tbl_address_parts (address_part_id,physical_address_id,value,type,lang) VALUES (65853,8926,'Plaza','Vía',NULL);
INSERT INTO tbl_address_parts (address_part_id,physical_address_id,value,type,lang) VALUES (65854,8927,'Plaza','Vía',NULL);
INSERT INTO tbl_address_parts (address_part_id,physical_address_id,value,type,lang) VALUES (65855,8928,'Carretera','Vía',NULL);
INSERT INTO tbl_address_parts (address_part_id,physical_address_id,value,type,lang) VALUES (65856,8929,'Calle','Vía',NULL);
INSERT INTO tbl_address_parts (address_part_id,physical_address_id,value,type,lang) VALUES (65857,8930,'Calle','Vía',NULL);
INSERT INTO tbl_address_parts (address_part_id,physical_address_id,value,type,lang) VALUES (65858,8931,'Calle','Vía',NULL);
INSERT INTO tbl_address_parts (address_part_id,physical_address_id,value,type,lang) VALUES (65859,8932,'Calle','Vía',NULL);
INSERT INTO tbl_address_parts (address_part_id,physical_address_id,value,type,lang) VALUES (65860,8933,'Plaza','Vía',NULL);
INSERT INTO tbl_address_parts (address_part_id,physical_address_id,value,type,lang) VALUES (65861,8934,'Calle','Vía',NULL);
INSERT INTO tbl_address_parts (address_part_id,physical_address_id,value,type,lang) VALUES (65862,8935,'Calle','Vía',NULL);
INSERT INTO tbl_address_parts (address_part_id,physical_address_id,value,type,lang) VALUES (65863,8936,'Avenida','Vía',NULL);
INSERT INTO tbl_address_parts (address_part_id,physical_address_id,value,type,lang) VALUES (65864,8937,'Avenida','Vía',NULL);
INSERT INTO tbl_address_parts (address_part_id,physical_address_id,value,type,lang) VALUES (65865,8938,'Plaza','Vía',NULL);
INSERT INTO tbl_address_parts (address_part_id,physical_address_id,value,type,lang) VALUES (65866,8940,'Calle','Vía',NULL);
INSERT INTO tbl_address_parts (address_part_id,physical_address_id,value,type,lang) VALUES (65867,8941,'Avenida','Vía',NULL);
INSERT INTO tbl_address_parts (address_part_id,physical_address_id,value,type,lang) VALUES (65868,8942,'Calle','Vía',NULL);
INSERT INTO tbl_address_parts (address_part_id,physical_address_id,value,type,lang) VALUES (65869,8943,'Calle','Vía',NULL);
INSERT INTO tbl_address_parts (address_part_id,physical_address_id,value,type,lang) VALUES (65870,8944,'Calle','Vía',NULL);
INSERT INTO tbl_address_parts (address_part_id,physical_address_id,value,type,lang) VALUES (65871,8945,'Calle','Vía',NULL);
INSERT INTO tbl_address_parts (address_part_id,physical_address_id,value,type,lang) VALUES (65872,8947,'Plaza','Vía',NULL);
INSERT INTO tbl_address_parts (address_part_id,physical_address_id,value,type,lang) VALUES (65873,8948,'Calle','Vía',NULL);
INSERT INTO tbl_address_parts (address_part_id,physical_address_id,value,type,lang) VALUES (65874,8949,'Calle','Vía',NULL);
INSERT INTO tbl_address_parts (address_part_id,physical_address_id,value,type,lang) VALUES (65875,8950,'Calle','Vía',NULL);
INSERT INTO tbl_address_parts (address_part_id,physical_address_id,value,type,lang) VALUES (65876,8951,'Calle','Vía',NULL);
INSERT INTO tbl_address_parts (address_part_id,physical_address_id,value,type,lang) VALUES (65877,8953,'Demarcación','Vía',NULL);
INSERT INTO tbl_address_parts (address_part_id,physical_address_id,value,type,lang) VALUES (65878,8905,'Aragón','Direccion',NULL);
INSERT INTO tbl_address_parts (address_part_id,physical_address_id,value,type,lang) VALUES (65879,8906,'Miguel Servet','Direccion',NULL);
INSERT INTO tbl_address_parts (address_part_id,physical_address_id,value,type,lang) VALUES (65880,8907,'Puerta de Sancho','Direccion',NULL);
INSERT INTO tbl_address_parts (address_part_id,physical_address_id,value,type,lang) VALUES (65881,8908,'Santa Isabel','Direccion',NULL);
INSERT INTO tbl_address_parts (address_part_id,physical_address_id,value,type,lang) VALUES (65882,8909,'Autonomía de Aragón','Direccion',NULL);
INSERT INTO tbl_address_parts (address_part_id,physical_address_id,value,type,lang) VALUES (65883,8910,'del Palacio','Direccion',NULL);
INSERT INTO tbl_address_parts (address_part_id,physical_address_id,value,type,lang) VALUES (65884,8911,'La Tajada','Direccion',NULL);
INSERT INTO tbl_address_parts (address_part_id,physical_address_id,value,type,lang) VALUES (65885,8912,'Pedro Laín Entralgo (esq. Gómez de Avellaneda)','Direccion',NULL);
INSERT INTO tbl_address_parts (address_part_id,physical_address_id,value,type,lang) VALUES (65886,8913,'Monzón','Direccion',NULL);
INSERT INTO tbl_address_parts (address_part_id,physical_address_id,value,type,lang) VALUES (65887,8914,'Mosén Miguel Marín','Direccion',NULL);
INSERT INTO tbl_address_parts (address_part_id,physical_address_id,value,type,lang) VALUES (65888,8915,'Nuestra Señora del Rosario','Direccion',NULL);
INSERT INTO tbl_address_parts (address_part_id,physical_address_id,value,type,lang) VALUES (65889,8916,'Santa Orosia','Direccion',NULL);
INSERT INTO tbl_address_parts (address_part_id,physical_address_id,value,type,lang) VALUES (65890,8917,'Santa Teresa de Jesús','Direccion',NULL);
INSERT INTO tbl_address_parts (address_part_id,physical_address_id,value,type,lang) VALUES (65891,8918,'Antonio Leyva','Direccion',NULL);
INSERT INTO tbl_address_parts (address_part_id,physical_address_id,value,type,lang) VALUES (65892,8919,'Viñedo Viejo','Direccion',NULL);
INSERT INTO tbl_address_parts (address_part_id,physical_address_id,value,type,lang) VALUES (65893,8920,'Delicias','Direccion',NULL);
INSERT INTO tbl_address_parts (address_part_id,physical_address_id,value,type,lang) VALUES (65894,8921,'de la Inmaculada','Direccion',NULL);
INSERT INTO tbl_address_parts (address_part_id,physical_address_id,value,type,lang) VALUES (65895,8922,'España','Direccion',NULL);
INSERT INTO tbl_address_parts (address_part_id,physical_address_id,value,type,lang) VALUES (65896,8923,'de la Rosa','Direccion',NULL);
INSERT INTO tbl_address_parts (address_part_id,physical_address_id,value,type,lang) VALUES (65897,8924,'Mayor','Direccion',NULL);
INSERT INTO tbl_address_parts (address_part_id,physical_address_id,value,type,lang) VALUES (65898,8925,'Mayor','Direccion',NULL);
INSERT INTO tbl_address_parts (address_part_id,physical_address_id,value,type,lang) VALUES (65899,8926,'San Gregorio','Direccion',NULL);
INSERT INTO tbl_address_parts (address_part_id,physical_address_id,value,type,lang) VALUES (65900,8927,'San Agustín','Direccion',NULL);
INSERT INTO tbl_address_parts (address_part_id,physical_address_id,value,type,lang) VALUES (65901,8928,'Nacional II','Direccion',NULL);
INSERT INTO tbl_address_parts (address_part_id,physical_address_id,value,type,lang) VALUES (65902,8929,'de la Magdalena','Direccion',NULL);
INSERT INTO tbl_address_parts (address_part_id,physical_address_id,value,type,lang) VALUES (65903,8930,'Mayor','Direccion',NULL);
INSERT INTO tbl_address_parts (address_part_id,physical_address_id,value,type,lang) VALUES (65904,8931,'Mayor','Direccion',NULL);
INSERT INTO tbl_address_parts (address_part_id,physical_address_id,value,type,lang) VALUES (65905,8932,'Jaime I','Direccion',NULL);
INSERT INTO tbl_address_parts (address_part_id,physical_address_id,value,type,lang) VALUES (65906,8933,'de España','Direccion',NULL);
INSERT INTO tbl_address_parts (address_part_id,physical_address_id,value,type,lang) VALUES (65907,8934,'de la Virgen','Direccion',NULL);
INSERT INTO tbl_address_parts (address_part_id,physical_address_id,value,type,lang) VALUES (65908,8935,'San Roque','Direccion',NULL);
INSERT INTO tbl_address_parts (address_part_id,physical_address_id,value,type,lang) VALUES (65909,8936,'Constitución','Direccion',NULL);
INSERT INTO tbl_address_parts (address_part_id,physical_address_id,value,type,lang) VALUES (65910,8937,'Ángel de Valle','Direccion',NULL);
INSERT INTO tbl_address_parts (address_part_id,physical_address_id,value,type,lang) VALUES (65911,8938,'Fray Junípero Serra','Direccion',NULL);
INSERT INTO tbl_address_parts (address_part_id,physical_address_id,value,type,lang) VALUES (65912,8939,'Carreña','Direccion',NULL);
INSERT INTO tbl_address_parts (address_part_id,physical_address_id,value,type,lang) VALUES (65913,8940,'Bernardo Álvarez Galán','Direccion',NULL);
INSERT INTO tbl_address_parts (address_part_id,physical_address_id,value,type,lang) VALUES (65914,8941,'de Trénor','Direccion',NULL);
INSERT INTO tbl_address_parts (address_part_id,physical_address_id,value,type,lang) VALUES (65915,8942,'Hermanas Bobes','Direccion',NULL);
INSERT INTO tbl_address_parts (address_part_id,physical_address_id,value,type,lang) VALUES (65916,8943,'La Concordia','Direccion',NULL);
INSERT INTO tbl_address_parts (address_part_id,physical_address_id,value,type,lang) VALUES (65917,8944,'Salvador Allende','Direccion',NULL);
INSERT INTO tbl_address_parts (address_part_id,physical_address_id,value,type,lang) VALUES (65918,8945,'Ramón Areces','Direccion',NULL);
INSERT INTO tbl_address_parts (address_part_id,physical_address_id,value,type,lang) VALUES (65919,8946,'Montiana','Direccion',NULL);
INSERT INTO tbl_address_parts (address_part_id,physical_address_id,value,type,lang) VALUES (65920,8947,'de la República','Direccion',NULL);
INSERT INTO tbl_address_parts (address_part_id,physical_address_id,value,type,lang) VALUES (65921,8948,'Río Nalón','Direccion',NULL);
INSERT INTO tbl_address_parts (address_part_id,physical_address_id,value,type,lang) VALUES (65922,8949,'Charles Chaplin','Direccion',NULL);
INSERT INTO tbl_address_parts (address_part_id,physical_address_id,value,type,lang) VALUES (65923,8950,'Dorado','Direccion',NULL);
INSERT INTO tbl_address_parts (address_part_id,physical_address_id,value,type,lang) VALUES (65924,8951,'1º de Mayo','Direccion',NULL);
INSERT INTO tbl_address_parts (address_part_id,physical_address_id,value,type,lang) VALUES (65925,8952,'La Bolera','Direccion',NULL);
INSERT INTO tbl_address_parts (address_part_id,physical_address_id,value,type,lang) VALUES (65926,8953,'de Nemesio Sobrino','Direccion',NULL);
INSERT INTO tbl_address_parts (address_part_id,physical_address_id,value,type,lang) VALUES (65927,8954,'El Parque','Direccion',NULL);
INSERT INTO tbl_address_parts (address_part_id,physical_address_id,value,type,lang) VALUES (65928,8905,'4','Número',NULL);
INSERT INTO tbl_address_parts (address_part_id,physical_address_id,value,type,lang) VALUES (65929,8906,'57','Número',NULL);
INSERT INTO tbl_address_parts (address_part_id,physical_address_id,value,type,lang) VALUES (65930,8907,'30','Número',NULL);
INSERT INTO tbl_address_parts (address_part_id,physical_address_id,value,type,lang) VALUES (65931,8908,'100','Número',NULL);
INSERT INTO tbl_address_parts (address_part_id,physical_address_id,value,type,lang) VALUES (65932,8909,'21','Número',NULL);
INSERT INTO tbl_address_parts (address_part_id,physical_address_id,value,type,lang) VALUES (65933,8910,'15','Número',NULL);
INSERT INTO tbl_address_parts (address_part_id,physical_address_id,value,type,lang) VALUES (65934,8911,'s/n','Número',NULL);
INSERT INTO tbl_address_parts (address_part_id,physical_address_id,value,type,lang) VALUES (65935,8912,'s/n','Número',NULL);
INSERT INTO tbl_address_parts (address_part_id,physical_address_id,value,type,lang) VALUES (65936,8913,'3','Número',NULL);
INSERT INTO tbl_address_parts (address_part_id,physical_address_id,value,type,lang) VALUES (65937,8914,'1','Número',NULL);
INSERT INTO tbl_address_parts (address_part_id,physical_address_id,value,type,lang) VALUES (65938,8915,'16','Número',NULL);
INSERT INTO tbl_address_parts (address_part_id,physical_address_id,value,type,lang) VALUES (65939,8916,'2','Número',NULL);
INSERT INTO tbl_address_parts (address_part_id,physical_address_id,value,type,lang) VALUES (65940,8917,'58','Número',NULL);
INSERT INTO tbl_address_parts (address_part_id,physical_address_id,value,type,lang) VALUES (65941,8918,'87','Número',NULL);
INSERT INTO tbl_address_parts (address_part_id,physical_address_id,value,type,lang) VALUES (65942,8919,'1','Número',NULL);
INSERT INTO tbl_address_parts (address_part_id,physical_address_id,value,type,lang) VALUES (65943,8921,'s/n','Número',NULL);
INSERT INTO tbl_address_parts (address_part_id,physical_address_id,value,type,lang) VALUES (65944,8922,'9','Número',NULL);
INSERT INTO tbl_address_parts (address_part_id,physical_address_id,value,type,lang) VALUES (65945,8923,'s/n','Número',NULL);
INSERT INTO tbl_address_parts (address_part_id,physical_address_id,value,type,lang) VALUES (65946,8924,'1','Número',NULL);
INSERT INTO tbl_address_parts (address_part_id,physical_address_id,value,type,lang) VALUES (65947,8925,'2','Número',NULL);
INSERT INTO tbl_address_parts (address_part_id,physical_address_id,value,type,lang) VALUES (65948,8926,'s/n','Número',NULL);
INSERT INTO tbl_address_parts (address_part_id,physical_address_id,value,type,lang) VALUES (65949,8927,'s/n','Número',NULL);
INSERT INTO tbl_address_parts (address_part_id,physical_address_id,value,type,lang) VALUES (65950,8929,'20','Número',NULL);
INSERT INTO tbl_address_parts (address_part_id,physical_address_id,value,type,lang) VALUES (65951,8930,'13 - 15','Número',NULL);
INSERT INTO tbl_address_parts (address_part_id,physical_address_id,value,type,lang) VALUES (65952,8931,'1','Número',NULL);
INSERT INTO tbl_address_parts (address_part_id,physical_address_id,value,type,lang) VALUES (65953,8932,'4','Número',NULL);
INSERT INTO tbl_address_parts (address_part_id,physical_address_id,value,type,lang) VALUES (65954,8933,'1 (Sancho Abarca)','Número',NULL);
INSERT INTO tbl_address_parts (address_part_id,physical_address_id,value,type,lang) VALUES (65955,8934,'s/n','Número',NULL);
INSERT INTO tbl_address_parts (address_part_id,physical_address_id,value,type,lang) VALUES (65956,8935,'s/n','Número',NULL);
INSERT INTO tbl_address_parts (address_part_id,physical_address_id,value,type,lang) VALUES (65957,8936,'45','Número',NULL);
INSERT INTO tbl_address_parts (address_part_id,physical_address_id,value,type,lang) VALUES (65958,8937,'53','Número',NULL);
INSERT INTO tbl_address_parts (address_part_id,physical_address_id,value,type,lang) VALUES (65959,8938,'2','Número',NULL);
INSERT INTO tbl_address_parts (address_part_id,physical_address_id,value,type,lang) VALUES (65960,8940,'12','Número',NULL);
INSERT INTO tbl_address_parts (address_part_id,physical_address_id,value,type,lang) VALUES (65961,8941,'s/n','Número',NULL);
INSERT INTO tbl_address_parts (address_part_id,physical_address_id,value,type,lang) VALUES (65962,8942,'Bajo, bloque B','Número',NULL);
INSERT INTO tbl_address_parts (address_part_id,physical_address_id,value,type,lang) VALUES (65963,8943,'3','Número',NULL);
INSERT INTO tbl_address_parts (address_part_id,physical_address_id,value,type,lang) VALUES (65964,8944,'13','Número',NULL);
INSERT INTO tbl_address_parts (address_part_id,physical_address_id,value,type,lang) VALUES (65965,8945,'7','Número',NULL);
INSERT INTO tbl_address_parts (address_part_id,physical_address_id,value,type,lang) VALUES (65966,8946,'s/n','Número',NULL);
INSERT INTO tbl_address_parts (address_part_id,physical_address_id,value,type,lang) VALUES (65967,8947,'s/n','Número',NULL);
INSERT INTO tbl_address_parts (address_part_id,physical_address_id,value,type,lang) VALUES (65968,8948,'2','Número',NULL);
INSERT INTO tbl_address_parts (address_part_id,physical_address_id,value,type,lang) VALUES (65969,8949,'s/n','Número',NULL);
INSERT INTO tbl_address_parts (address_part_id,physical_address_id,value,type,lang) VALUES (65970,8950,'6','Número',NULL);
INSERT INTO tbl_address_parts (address_part_id,physical_address_id,value,type,lang) VALUES (65971,8953,'3','Número',NULL);
INSERT INTO tbl_address_parts (address_part_id,physical_address_id,value,type,lang) VALUES (65972,8905,'50190','DistritoPostal',NULL);
INSERT INTO tbl_address_parts (address_part_id,physical_address_id,value,type,lang) VALUES (65973,8906,'50013','DistritoPostal',NULL);
INSERT INTO tbl_address_parts (address_part_id,physical_address_id,value,type,lang) VALUES (65974,8907,'50003','DistritoPostal',NULL);
INSERT INTO tbl_address_parts (address_part_id,physical_address_id,value,type,lang) VALUES (65975,8908,'50016','DistritoPostal',NULL);
INSERT INTO tbl_address_parts (address_part_id,physical_address_id,value,type,lang) VALUES (65976,8909,'50720','DistritoPostal',NULL);
INSERT INTO tbl_address_parts (address_part_id,physical_address_id,value,type,lang) VALUES (65977,8910,'50620','DistritoPostal',NULL);
INSERT INTO tbl_address_parts (address_part_id,physical_address_id,value,type,lang) VALUES (65978,8911,'50016','DistritoPostal',NULL);
INSERT INTO tbl_address_parts (address_part_id,physical_address_id,value,type,lang) VALUES (65979,8912,'50018','DistritoPostal',NULL);
INSERT INTO tbl_address_parts (address_part_id,physical_address_id,value,type,lang) VALUES (65980,8913,'50007','DistritoPostal',NULL);
INSERT INTO tbl_address_parts (address_part_id,physical_address_id,value,type,lang) VALUES (65981,8914,'50120','DistritoPostal',NULL);
INSERT INTO tbl_address_parts (address_part_id,physical_address_id,value,type,lang) VALUES (65982,8915,'50059','DistritoPostal',NULL);
INSERT INTO tbl_address_parts (address_part_id,physical_address_id,value,type,lang) VALUES (65983,8916,'50010','DistritoPostal',NULL);
INSERT INTO tbl_address_parts (address_part_id,physical_address_id,value,type,lang) VALUES (65984,8917,'50006','DistritoPostal',NULL);
INSERT INTO tbl_address_parts (address_part_id,physical_address_id,value,type,lang) VALUES (65985,8918,'50011','DistritoPostal',NULL);
INSERT INTO tbl_address_parts (address_part_id,physical_address_id,value,type,lang) VALUES (65986,8919,'50009','DistritoPostal',NULL);
INSERT INTO tbl_address_parts (address_part_id,physical_address_id,value,type,lang) VALUES (65987,8920,'50017','DistritoPostal',NULL);
INSERT INTO tbl_address_parts (address_part_id,physical_address_id,value,type,lang) VALUES (65988,8921,'50012','DistritoPostal',NULL);
INSERT INTO tbl_address_parts (address_part_id,physical_address_id,value,type,lang) VALUES (65989,8922,'50820','DistritoPostal',NULL);
INSERT INTO tbl_address_parts (address_part_id,physical_address_id,value,type,lang) VALUES (65990,8923,'50011','DistritoPostal',NULL);
INSERT INTO tbl_address_parts (address_part_id,physical_address_id,value,type,lang) VALUES (65991,8924,'50194','DistritoPostal',NULL);
INSERT INTO tbl_address_parts (address_part_id,physical_address_id,value,type,lang) VALUES (65992,8925,'50008','DistritoPostal',NULL);
INSERT INTO tbl_address_parts (address_part_id,physical_address_id,value,type,lang) VALUES (65993,8926,'50015','DistritoPostal',NULL);
INSERT INTO tbl_address_parts (address_part_id,physical_address_id,value,type,lang) VALUES (65994,8927,'50001','DistritoPostal',NULL);
INSERT INTO tbl_address_parts (address_part_id,physical_address_id,value,type,lang) VALUES (65995,8928,'22520','DistritoPostal',NULL);
INSERT INTO tbl_address_parts (address_part_id,physical_address_id,value,type,lang) VALUES (65996,8929,'22529','DistritoPostal',NULL);
INSERT INTO tbl_address_parts (address_part_id,physical_address_id,value,type,lang) VALUES (65997,8930,'44600','DistritoPostal',NULL);
INSERT INTO tbl_address_parts (address_part_id,physical_address_id,value,type,lang) VALUES (65998,8931,'44660','DistritoPostal',NULL);
INSERT INTO tbl_address_parts (address_part_id,physical_address_id,value,type,lang) VALUES (65999,8932,'22520','DistritoPostal',NULL);
INSERT INTO tbl_address_parts (address_part_id,physical_address_id,value,type,lang) VALUES (66000,8933,'50669','DistritoPostal',NULL);
INSERT INTO tbl_address_parts (address_part_id,physical_address_id,value,type,lang) VALUES (66001,8934,'50669','DistritoPostal',NULL);
INSERT INTO tbl_address_parts (address_part_id,physical_address_id,value,type,lang) VALUES (66002,8935,'33191','DistritoPostal',NULL);
INSERT INTO tbl_address_parts (address_part_id,physical_address_id,value,type,lang) VALUES (66003,8936,'33686','DistritoPostal',NULL);
INSERT INTO tbl_address_parts (address_part_id,physical_address_id,value,type,lang) VALUES (66004,8937,'33684','DistritoPostal',NULL);
INSERT INTO tbl_address_parts (address_part_id,physical_address_id,value,type,lang) VALUES (66005,8938,'33403','DistritoPostal',NULL);
INSERT INTO tbl_address_parts (address_part_id,physical_address_id,value,type,lang) VALUES (66006,8939,'33554','DistritoPostal',NULL);
INSERT INTO tbl_address_parts (address_part_id,physical_address_id,value,type,lang) VALUES (66007,8940,'33405','DistritoPostal',NULL);
INSERT INTO tbl_address_parts (address_part_id,physical_address_id,value,type,lang) VALUES (66008,8941,'33794','DistritoPostal',NULL);
INSERT INTO tbl_address_parts (address_part_id,physical_address_id,value,type,lang) VALUES (66009,8942,'33470','DistritoPostal',NULL);
INSERT INTO tbl_address_parts (address_part_id,physical_address_id,value,type,lang) VALUES (66010,8943,'33402','DistritoPostal',NULL);
INSERT INTO tbl_address_parts (address_part_id,physical_address_id,value,type,lang) VALUES (66011,8944,'33211','DistritoPostal',NULL);
INSERT INTO tbl_address_parts (address_part_id,physical_address_id,value,type,lang) VALUES (66012,8945,'33211','DistritoPostal',NULL);
INSERT INTO tbl_address_parts (address_part_id,physical_address_id,value,type,lang) VALUES (66013,8946,'33697','DistritoPostal',NULL);
INSERT INTO tbl_address_parts (address_part_id,physical_address_id,value,type,lang) VALUES (66014,8947,'33204','DistritoPostal',NULL);
INSERT INTO tbl_address_parts (address_part_id,physical_address_id,value,type,lang) VALUES (66015,8948,'33210','DistritoPostal',NULL);
INSERT INTO tbl_address_parts (address_part_id,physical_address_id,value,type,lang) VALUES (66016,8949,'33350','DistritoPostal',NULL);
INSERT INTO tbl_address_parts (address_part_id,physical_address_id,value,type,lang) VALUES (66017,8950,'33900','DistritoPostal',NULL);
INSERT INTO tbl_address_parts (address_part_id,physical_address_id,value,type,lang) VALUES (66018,8951,'33970','DistritoPostal',NULL);
INSERT INTO tbl_address_parts (address_part_id,physical_address_id,value,type,lang) VALUES (66019,8952,'33992','DistritoPostal',NULL);
INSERT INTO tbl_address_parts (address_part_id,physical_address_id,value,type,lang) VALUES (66020,8953,'33508','DistritoPostal',NULL);
INSERT INTO tbl_address_parts (address_part_id,physical_address_id,value,type,lang) VALUES (66021,8954,'33610','DistritoPostal',NULL);
INSERT INTO tbl_address_parts (address_part_id,physical_address_id,value,type,lang) VALUES (66022,8905,'España','Pais',NULL);
INSERT INTO tbl_address_parts (address_part_id,physical_address_id,value,type,lang) VALUES (66023,8906,'España','Pais',NULL);
INSERT INTO tbl_address_parts (address_part_id,physical_address_id,value,type,lang) VALUES (66024,8907,'España','Pais',NULL);
INSERT INTO tbl_address_parts (address_part_id,physical_address_id,value,type,lang) VALUES (66025,8908,'España','Pais',NULL);
INSERT INTO tbl_address_parts (address_part_id,physical_address_id,value,type,lang) VALUES (66026,8909,'España','Pais',NULL);
INSERT INTO tbl_address_parts (address_part_id,physical_address_id,value,type,lang) VALUES (66027,8910,'España','Pais',NULL);
INSERT INTO tbl_address_parts (address_part_id,physical_address_id,value,type,lang) VALUES (66028,8911,'España','Pais',NULL);
INSERT INTO tbl_address_parts (address_part_id,physical_address_id,value,type,lang) VALUES (66029,8912,'España','Pais',NULL);
INSERT INTO tbl_address_parts (address_part_id,physical_address_id,value,type,lang) VALUES (66030,8913,'España','Pais',NULL);
INSERT INTO tbl_address_parts (address_part_id,physical_address_id,value,type,lang) VALUES (66031,8914,'España','Pais',NULL);
INSERT INTO tbl_address_parts (address_part_id,physical_address_id,value,type,lang) VALUES (66032,8915,'España','Pais',NULL);
INSERT INTO tbl_address_parts (address_part_id,physical_address_id,value,type,lang) VALUES (66033,8916,'España','Pais',NULL);
INSERT INTO tbl_address_parts (address_part_id,physical_address_id,value,type,lang) VALUES (66034,8917,'España','Pais',NULL);
INSERT INTO tbl_address_parts (address_part_id,physical_address_id,value,type,lang) VALUES (66035,8918,'España','Pais',NULL);
INSERT INTO tbl_address_parts (address_part_id,physical_address_id,value,type,lang) VALUES (66036,8919,'España','Pais',NULL);
INSERT INTO tbl_address_parts (address_part_id,physical_address_id,value,type,lang) VALUES (66037,8920,'España','Pais',NULL);
INSERT INTO tbl_address_parts (address_part_id,physical_address_id,value,type,lang) VALUES (66038,8921,'España','Pais',NULL);
INSERT INTO tbl_address_parts (address_part_id,physical_address_id,value,type,lang) VALUES (66039,8922,'España','Pais',NULL);
INSERT INTO tbl_address_parts (address_part_id,physical_address_id,value,type,lang) VALUES (66040,8923,'España','Pais',NULL);
INSERT INTO tbl_address_parts (address_part_id,physical_address_id,value,type,lang) VALUES (66041,8924,'España','Pais',NULL);
INSERT INTO tbl_address_parts (address_part_id,physical_address_id,value,type,lang) VALUES (66042,8925,'España','Pais',NULL);
INSERT INTO tbl_address_parts (address_part_id,physical_address_id,value,type,lang) VALUES (66043,8926,'España','Pais',NULL);
INSERT INTO tbl_address_parts (address_part_id,physical_address_id,value,type,lang) VALUES (66044,8927,'España','Pais',NULL);
INSERT INTO tbl_address_parts (address_part_id,physical_address_id,value,type,lang) VALUES (66045,8928,'España','Pais',NULL);
INSERT INTO tbl_address_parts (address_part_id,physical_address_id,value,type,lang) VALUES (66046,8929,'España','Pais',NULL);
INSERT INTO tbl_address_parts (address_part_id,physical_address_id,value,type,lang) VALUES (66047,8930,'España','Pais',NULL);
INSERT INTO tbl_address_parts (address_part_id,physical_address_id,value,type,lang) VALUES (66048,8931,'España','Pais',NULL);
INSERT INTO tbl_address_parts (address_part_id,physical_address_id,value,type,lang) VALUES (66049,8932,'España','Pais',NULL);
INSERT INTO tbl_address_parts (address_part_id,physical_address_id,value,type,lang) VALUES (66050,8934,'España','Pais',NULL);
INSERT INTO tbl_address_parts (address_part_id,physical_address_id,value,type,lang) VALUES (66051,8935,'España','Pais',NULL);
INSERT INTO tbl_address_parts (address_part_id,physical_address_id,value,type,lang) VALUES (66052,8936,'España','Pais',NULL);
INSERT INTO tbl_address_parts (address_part_id,physical_address_id,value,type,lang) VALUES (66053,8937,'España','Pais',NULL);
INSERT INTO tbl_address_parts (address_part_id,physical_address_id,value,type,lang) VALUES (66054,8938,'España','Pais',NULL);
INSERT INTO tbl_address_parts (address_part_id,physical_address_id,value,type,lang) VALUES (66055,8939,'España','Pais',NULL);
INSERT INTO tbl_address_parts (address_part_id,physical_address_id,value,type,lang) VALUES (66056,8940,'España','Pais',NULL);
INSERT INTO tbl_address_parts (address_part_id,physical_address_id,value,type,lang) VALUES (66057,8941,'España','Pais',NULL);
INSERT INTO tbl_address_parts (address_part_id,physical_address_id,value,type,lang) VALUES (66058,8942,'España','Pais',NULL);
INSERT INTO tbl_address_parts (address_part_id,physical_address_id,value,type,lang) VALUES (66059,8943,'España','Pais',NULL);
INSERT INTO tbl_address_parts (address_part_id,physical_address_id,value,type,lang) VALUES (66060,8944,'España','Pais',NULL);
INSERT INTO tbl_address_parts (address_part_id,physical_address_id,value,type,lang) VALUES (66061,8945,'España','Pais',NULL);
INSERT INTO tbl_address_parts (address_part_id,physical_address_id,value,type,lang) VALUES (66062,8946,'España','Pais',NULL);
INSERT INTO tbl_address_parts (address_part_id,physical_address_id,value,type,lang) VALUES (66063,8947,'España','Pais',NULL);
INSERT INTO tbl_address_parts (address_part_id,physical_address_id,value,type,lang) VALUES (66064,8948,'España','Pais',NULL);
INSERT INTO tbl_address_parts (address_part_id,physical_address_id,value,type,lang) VALUES (66065,8949,'España','Pais',NULL);
INSERT INTO tbl_address_parts (address_part_id,physical_address_id,value,type,lang) VALUES (66066,8950,'España','Pais',NULL);
INSERT INTO tbl_address_parts (address_part_id,physical_address_id,value,type,lang) VALUES (66067,8951,'España','Pais',NULL);
INSERT INTO tbl_address_parts (address_part_id,physical_address_id,value,type,lang) VALUES (66068,8952,'España','Pais',NULL);
INSERT INTO tbl_address_parts (address_part_id,physical_address_id,value,type,lang) VALUES (66069,8953,'España','Pais',NULL);
INSERT INTO tbl_address_parts (address_part_id,physical_address_id,value,type,lang) VALUES (66070,8954,'España','Pais',NULL);
INSERT INTO tbl_address_parts (address_part_id,physical_address_id,value,type,lang) VALUES (66071,8933,'España','Pais',NULL);
INSERT INTO tbl_address_parts (address_part_id,physical_address_id,value,type,lang) VALUES (66072,8905,'Aragón','CA',NULL);
INSERT INTO tbl_address_parts (address_part_id,physical_address_id,value,type,lang) VALUES (66073,8906,'Aragón','CA',NULL);
INSERT INTO tbl_address_parts (address_part_id,physical_address_id,value,type,lang) VALUES (66074,8907,'Aragón','CA',NULL);
INSERT INTO tbl_address_parts (address_part_id,physical_address_id,value,type,lang) VALUES (66075,8908,'Aragón','CA',NULL);
INSERT INTO tbl_address_parts (address_part_id,physical_address_id,value,type,lang) VALUES (66076,8909,'Aragón','CA',NULL);
INSERT INTO tbl_address_parts (address_part_id,physical_address_id,value,type,lang) VALUES (66077,8910,'Aragón','CA',NULL);
INSERT INTO tbl_address_parts (address_part_id,physical_address_id,value,type,lang) VALUES (66078,8911,'Aragón','CA',NULL);
INSERT INTO tbl_address_parts (address_part_id,physical_address_id,value,type,lang) VALUES (66079,8912,'Aragón','CA',NULL);
INSERT INTO tbl_address_parts (address_part_id,physical_address_id,value,type,lang) VALUES (66080,8913,'Aragón','CA',NULL);
INSERT INTO tbl_address_parts (address_part_id,physical_address_id,value,type,lang) VALUES (66081,8914,'Aragón','CA',NULL);
INSERT INTO tbl_address_parts (address_part_id,physical_address_id,value,type,lang) VALUES (66082,8915,'Aragón','CA',NULL);
INSERT INTO tbl_address_parts (address_part_id,physical_address_id,value,type,lang) VALUES (66083,8916,'Aragón','CA',NULL);
INSERT INTO tbl_address_parts (address_part_id,physical_address_id,value,type,lang) VALUES (66084,8917,'Aragón','CA',NULL);
INSERT INTO tbl_address_parts (address_part_id,physical_address_id,value,type,lang) VALUES (66085,8918,'Aragón','CA',NULL);
INSERT INTO tbl_address_parts (address_part_id,physical_address_id,value,type,lang) VALUES (66086,8919,'Aragón','CA',NULL);
INSERT INTO tbl_address_parts (address_part_id,physical_address_id,value,type,lang) VALUES (66087,8920,'Aragón','CA',NULL);
INSERT INTO tbl_address_parts (address_part_id,physical_address_id,value,type,lang) VALUES (66088,8921,'Aragón','CA',NULL);
INSERT INTO tbl_address_parts (address_part_id,physical_address_id,value,type,lang) VALUES (66089,8922,'Aragón','CA',NULL);
INSERT INTO tbl_address_parts (address_part_id,physical_address_id,value,type,lang) VALUES (66090,8923,'Aragón','CA',NULL);
INSERT INTO tbl_address_parts (address_part_id,physical_address_id,value,type,lang) VALUES (66091,8924,'Aragón','CA',NULL);
INSERT INTO tbl_address_parts (address_part_id,physical_address_id,value,type,lang) VALUES (66092,8925,'Aragón','CA',NULL);
INSERT INTO tbl_address_parts (address_part_id,physical_address_id,value,type,lang) VALUES (66093,8926,'Aragón','CA',NULL);
INSERT INTO tbl_address_parts (address_part_id,physical_address_id,value,type,lang) VALUES (66094,8927,'Aragón','CA',NULL);
INSERT INTO tbl_address_parts (address_part_id,physical_address_id,value,type,lang) VALUES (66095,8928,'Aragón','CA',NULL);
INSERT INTO tbl_address_parts (address_part_id,physical_address_id,value,type,lang) VALUES (66096,8929,'Aragón','CA',NULL);
INSERT INTO tbl_address_parts (address_part_id,physical_address_id,value,type,lang) VALUES (66097,8930,'Aragón','CA',NULL);
INSERT INTO tbl_address_parts (address_part_id,physical_address_id,value,type,lang) VALUES (66098,8931,'Aragón','CA',NULL);
INSERT INTO tbl_address_parts (address_part_id,physical_address_id,value,type,lang) VALUES (66099,8932,'Aragón','CA',NULL);
INSERT INTO tbl_address_parts (address_part_id,physical_address_id,value,type,lang) VALUES (66100,8934,'Aragón','CA',NULL);
INSERT INTO tbl_address_parts (address_part_id,physical_address_id,value,type,lang) VALUES (66101,8935,'Principado de Asturias','CA',NULL);
INSERT INTO tbl_address_parts (address_part_id,physical_address_id,value,type,lang) VALUES (66102,8936,'Principado de Asturias','CA',NULL);
INSERT INTO tbl_address_parts (address_part_id,physical_address_id,value,type,lang) VALUES (66103,8937,'Principado de Asturias','CA',NULL);
INSERT INTO tbl_address_parts (address_part_id,physical_address_id,value,type,lang) VALUES (66104,8938,'Principado de Asturias','CA',NULL);
INSERT INTO tbl_address_parts (address_part_id,physical_address_id,value,type,lang) VALUES (66105,8939,'Principado de Asturias','CA',NULL);
INSERT INTO tbl_address_parts (address_part_id,physical_address_id,value,type,lang) VALUES (66106,8940,'Principado de Asturias','CA',NULL);
INSERT INTO tbl_address_parts (address_part_id,physical_address_id,value,type,lang) VALUES (66107,8941,'Principado de Asturias','CA',NULL);
INSERT INTO tbl_address_parts (address_part_id,physical_address_id,value,type,lang) VALUES (66108,8942,'Principado de Asturias','CA',NULL);
INSERT INTO tbl_address_parts (address_part_id,physical_address_id,value,type,lang) VALUES (66109,8943,'Principado de Asturias','CA',NULL);
INSERT INTO tbl_address_parts (address_part_id,physical_address_id,value,type,lang) VALUES (66110,8944,'Principado de Asturias','CA',NULL);
INSERT INTO tbl_address_parts (address_part_id,physical_address_id,value,type,lang) VALUES (66111,8945,'Principado de Asturias','CA',NULL);
INSERT INTO tbl_address_parts (address_part_id,physical_address_id,value,type,lang) VALUES (66112,8946,'Principado de Asturias','CA',NULL);
INSERT INTO tbl_address_parts (address_part_id,physical_address_id,value,type,lang) VALUES (66113,8947,'Principado de Asturias','CA',NULL);
INSERT INTO tbl_address_parts (address_part_id,physical_address_id,value,type,lang) VALUES (66114,8948,'Principado de Asturias','CA',NULL);
INSERT INTO tbl_address_parts (address_part_id,physical_address_id,value,type,lang) VALUES (66115,8949,'Principado de Asturias','CA',NULL);
INSERT INTO tbl_address_parts (address_part_id,physical_address_id,value,type,lang) VALUES (66116,8950,'Principado de Asturias','CA',NULL);
INSERT INTO tbl_address_parts (address_part_id,physical_address_id,value,type,lang) VALUES (66117,8951,'Principado de Asturias','CA',NULL);
INSERT INTO tbl_address_parts (address_part_id,physical_address_id,value,type,lang) VALUES (66118,8952,'Principado de Asturias','CA',NULL);
INSERT INTO tbl_address_parts (address_part_id,physical_address_id,value,type,lang) VALUES (66119,8953,'Principado de Asturias','CA',NULL);
INSERT INTO tbl_address_parts (address_part_id,physical_address_id,value,type,lang) VALUES (66120,8954,'Principado de Asturias','CA',NULL);
INSERT INTO tbl_address_parts (address_part_id,physical_address_id,value,type,lang) VALUES (66121,8933,'Aragón','CA',NULL);
INSERT INTO tbl_address_parts (address_part_id,physical_address_id,value,type,lang) VALUES (66122,8905,'Zaragoza','Provincia',NULL);
INSERT INTO tbl_address_parts (address_part_id,physical_address_id,value,type,lang) VALUES (66123,8906,'Zaragoza','Provincia',NULL);
INSERT INTO tbl_address_parts (address_part_id,physical_address_id,value,type,lang) VALUES (66124,8907,'Zaragoza','Provincia',NULL);
INSERT INTO tbl_address_parts (address_part_id,physical_address_id,value,type,lang) VALUES (66125,8908,'Zaragoza','Provincia',NULL);
INSERT INTO tbl_address_parts (address_part_id,physical_address_id,value,type,lang) VALUES (66126,8909,'Zaragoza','Provincia',NULL);
INSERT INTO tbl_address_parts (address_part_id,physical_address_id,value,type,lang) VALUES (66127,8910,'Zaragoza','Provincia',NULL);
INSERT INTO tbl_address_parts (address_part_id,physical_address_id,value,type,lang) VALUES (66128,8911,'Zaragoza','Provincia',NULL);
INSERT INTO tbl_address_parts (address_part_id,physical_address_id,value,type,lang) VALUES (66129,8912,'Zaragoza','Provincia',NULL);
INSERT INTO tbl_address_parts (address_part_id,physical_address_id,value,type,lang) VALUES (66130,8913,'Zaragoza','Provincia',NULL);
INSERT INTO tbl_address_parts (address_part_id,physical_address_id,value,type,lang) VALUES (66131,8914,'Zaragoza','Provincia',NULL);
INSERT INTO tbl_address_parts (address_part_id,physical_address_id,value,type,lang) VALUES (66132,8915,'Zaragoza','Provincia',NULL);
INSERT INTO tbl_address_parts (address_part_id,physical_address_id,value,type,lang) VALUES (66133,8916,'Zaragoza','Provincia',NULL);
INSERT INTO tbl_address_parts (address_part_id,physical_address_id,value,type,lang) VALUES (66134,8917,'Zaragoza','Provincia',NULL);
INSERT INTO tbl_address_parts (address_part_id,physical_address_id,value,type,lang) VALUES (66135,8918,'Zaragoza','Provincia',NULL);
INSERT INTO tbl_address_parts (address_part_id,physical_address_id,value,type,lang) VALUES (66136,8919,'Zaragoza','Provincia',NULL);
INSERT INTO tbl_address_parts (address_part_id,physical_address_id,value,type,lang) VALUES (66137,8920,'Zaragoza','Provincia',NULL);
INSERT INTO tbl_address_parts (address_part_id,physical_address_id,value,type,lang) VALUES (66138,8921,'Zaragoza','Provincia',NULL);
INSERT INTO tbl_address_parts (address_part_id,physical_address_id,value,type,lang) VALUES (66139,8922,'Zaragoza','Provincia',NULL);
INSERT INTO tbl_address_parts (address_part_id,physical_address_id,value,type,lang) VALUES (66140,8923,'Zaragoza','Provincia',NULL);
INSERT INTO tbl_address_parts (address_part_id,physical_address_id,value,type,lang) VALUES (66141,8924,'Zaragoza','Provincia',NULL);
INSERT INTO tbl_address_parts (address_part_id,physical_address_id,value,type,lang) VALUES (66142,8925,'Zaragoza','Provincia',NULL);
INSERT INTO tbl_address_parts (address_part_id,physical_address_id,value,type,lang) VALUES (66143,8926,'Zaragoza','Provincia',NULL);
INSERT INTO tbl_address_parts (address_part_id,physical_address_id,value,type,lang) VALUES (66144,8927,'Zaragoza','Provincia',NULL);
INSERT INTO tbl_address_parts (address_part_id,physical_address_id,value,type,lang) VALUES (66145,8928,'Huesca','Provincia',NULL);
INSERT INTO tbl_address_parts (address_part_id,physical_address_id,value,type,lang) VALUES (66146,8929,'Huesca','Provincia',NULL);
INSERT INTO tbl_address_parts (address_part_id,physical_address_id,value,type,lang) VALUES (66147,8930,'Teruel','Provincia',NULL);
INSERT INTO tbl_address_parts (address_part_id,physical_address_id,value,type,lang) VALUES (66148,8931,'Teruel','Provincia',NULL);
INSERT INTO tbl_address_parts (address_part_id,physical_address_id,value,type,lang) VALUES (66149,8932,'Huesca','Provincia',NULL);
INSERT INTO tbl_address_parts (address_part_id,physical_address_id,value,type,lang) VALUES (66150,8934,'Zaragoza','Provincia',NULL);
INSERT INTO tbl_address_parts (address_part_id,physical_address_id,value,type,lang) VALUES (66151,8935,'Asturias','Provincia',NULL);
INSERT INTO tbl_address_parts (address_part_id,physical_address_id,value,type,lang) VALUES (66152,8936,'Asturias','Provincia',NULL);
INSERT INTO tbl_address_parts (address_part_id,physical_address_id,value,type,lang) VALUES (66153,8937,'Asturias','Provincia',NULL);
INSERT INTO tbl_address_parts (address_part_id,physical_address_id,value,type,lang) VALUES (66154,8938,'Asturias','Provincia',NULL);
INSERT INTO tbl_address_parts (address_part_id,physical_address_id,value,type,lang) VALUES (66155,8939,'Asturias','Provincia',NULL);
INSERT INTO tbl_address_parts (address_part_id,physical_address_id,value,type,lang) VALUES (66156,8940,'Asturias','Provincia',NULL);
INSERT INTO tbl_address_parts (address_part_id,physical_address_id,value,type,lang) VALUES (66157,8941,'Asturias','Provincia',NULL);
INSERT INTO tbl_address_parts (address_part_id,physical_address_id,value,type,lang) VALUES (66158,8942,'Asturias','Provincia',NULL);
INSERT INTO tbl_address_parts (address_part_id,physical_address_id,value,type,lang) VALUES (66159,8943,'Asturias','Provincia',NULL);
INSERT INTO tbl_address_parts (address_part_id,physical_address_id,value,type,lang) VALUES (66160,8944,'Asturias','Provincia',NULL);
INSERT INTO tbl_address_parts (address_part_id,physical_address_id,value,type,lang) VALUES (66161,8945,'Asturias','Provincia',NULL);
INSERT INTO tbl_address_parts (address_part_id,physical_address_id,value,type,lang) VALUES (66162,8946,'Asturias','Provincia',NULL);
INSERT INTO tbl_address_parts (address_part_id,physical_address_id,value,type,lang) VALUES (66163,8947,'Asturias','Provincia',NULL);
INSERT INTO tbl_address_parts (address_part_id,physical_address_id,value,type,lang) VALUES (66164,8948,'Asturias','Provincia',NULL);
INSERT INTO tbl_address_parts (address_part_id,physical_address_id,value,type,lang) VALUES (66165,8949,'Asturias','Provincia',NULL);
INSERT INTO tbl_address_parts (address_part_id,physical_address_id,value,type,lang) VALUES (66166,8950,'Asturias','Provincia',NULL);
INSERT INTO tbl_address_parts (address_part_id,physical_address_id,value,type,lang) VALUES (66167,8951,'Asturias','Provincia',NULL);
INSERT INTO tbl_address_parts (address_part_id,physical_address_id,value,type,lang) VALUES (66168,8952,'Asturias','Provincia',NULL);
INSERT INTO tbl_address_parts (address_part_id,physical_address_id,value,type,lang) VALUES (66169,8953,'Asturias','Provincia',NULL);
INSERT INTO tbl_address_parts (address_part_id,physical_address_id,value,type,lang) VALUES (66170,8954,'Asturias','Provincia',NULL);
INSERT INTO tbl_address_parts (address_part_id,physical_address_id,value,type,lang) VALUES (66171,8933,'Zaragoza','Provincia',NULL);
INSERT INTO tbl_address_parts (address_part_id,physical_address_id,value,type,lang) VALUES (66172,8928,'Fraga','Municipio',NULL);
INSERT INTO tbl_address_parts (address_part_id,physical_address_id,value,type,lang) VALUES (66173,8929,'Fraga','Municipio',NULL);
INSERT INTO tbl_address_parts (address_part_id,physical_address_id,value,type,lang) VALUES (66174,8932,'Fraga','Municipio',NULL);
INSERT INTO tbl_address_parts (address_part_id,physical_address_id,value,type,lang) VALUES (66175,8955,'Calle','Vía',NULL);
INSERT INTO tbl_address_parts (address_part_id,physical_address_id,value,type,lang) VALUES (66176,8956,'Calle','Vía',NULL);
INSERT INTO tbl_address_parts (address_part_id,physical_address_id,value,type,lang) VALUES (66177,8957,'Plaza','Vía',NULL);
INSERT INTO tbl_address_parts (address_part_id,physical_address_id,value,type,lang) VALUES (66178,8959,'Avenida','Vía',NULL);
INSERT INTO tbl_address_parts (address_part_id,physical_address_id,value,type,lang) VALUES (66179,8960,'Parque','Vía',NULL);
INSERT INTO tbl_address_parts (address_part_id,physical_address_id,value,type,lang) VALUES (66180,8961,'Calle','Vía',NULL);
INSERT INTO tbl_address_parts (address_part_id,physical_address_id,value,type,lang) VALUES (66181,8962,'Plaza','Vía',NULL);
INSERT INTO tbl_address_parts (address_part_id,physical_address_id,value,type,lang) VALUES (66182,8963,'Calle','Vía',NULL);
INSERT INTO tbl_address_parts (address_part_id,physical_address_id,value,type,lang) VALUES (66183,8964,'Calle','Vía',NULL);
INSERT INTO tbl_address_parts (address_part_id,physical_address_id,value,type,lang) VALUES (66184,8965,'Calle','Vía',NULL);
INSERT INTO tbl_address_parts (address_part_id,physical_address_id,value,type,lang) VALUES (66185,8966,'Plaza','Vía',NULL);
INSERT INTO tbl_address_parts (address_part_id,physical_address_id,value,type,lang) VALUES (66186,8967,'Calle','Vía',NULL);
INSERT INTO tbl_address_parts (address_part_id,physical_address_id,value,type,lang) VALUES (66187,8968,'Plaza','Vía',NULL);
INSERT INTO tbl_address_parts (address_part_id,physical_address_id,value,type,lang) VALUES (66188,8969,'Avenida','Vía',NULL);
INSERT INTO tbl_address_parts (address_part_id,physical_address_id,value,type,lang) VALUES (66189,8970,'Calle','Vía',NULL);
INSERT INTO tbl_address_parts (address_part_id,physical_address_id,value,type,lang) VALUES (66190,8955,'San José de Calasanz','Direccion',NULL);
INSERT INTO tbl_address_parts (address_part_id,physical_address_id,value,type,lang) VALUES (66191,8956,'Constitución','Direccion',NULL);
INSERT INTO tbl_address_parts (address_part_id,physical_address_id,value,type,lang) VALUES (66192,8957,'Álvarez Acebal','Direccion',NULL);
INSERT INTO tbl_address_parts (address_part_id,physical_address_id,value,type,lang) VALUES (66193,8958,'Carreña de Cabrales','Direccion',NULL);
INSERT INTO tbl_address_parts (address_part_id,physical_address_id,value,type,lang) VALUES (66194,8959,'Eysines','Direccion',NULL);
INSERT INTO tbl_address_parts (address_part_id,physical_address_id,value,type,lang) VALUES (66195,8960,'Vicente Loriente','Direccion',NULL);
INSERT INTO tbl_address_parts (address_part_id,physical_address_id,value,type,lang) VALUES (66196,8961,'La Libertad','Direccion',NULL);
INSERT INTO tbl_address_parts (address_part_id,physical_address_id,value,type,lang) VALUES (66197,8962,'de Eduardo Merediz','Direccion',NULL);
INSERT INTO tbl_address_parts (address_part_id,physical_address_id,value,type,lang) VALUES (66198,8963,'Posada Herrera','Direccion',NULL);
INSERT INTO tbl_address_parts (address_part_id,physical_address_id,value,type,lang) VALUES (66199,8964,'Manuel Llaneza','Direccion',NULL);
INSERT INTO tbl_address_parts (address_part_id,physical_address_id,value,type,lang) VALUES (66200,8965,'Quintana','Direccion',NULL);
INSERT INTO tbl_address_parts (address_part_id,physical_address_id,value,type,lang) VALUES (66201,8966,'de la Pontona','Direccion',NULL);
INSERT INTO tbl_address_parts (address_part_id,physical_address_id,value,type,lang) VALUES (66202,8967,'Mayor','Direccion',NULL);
INSERT INTO tbl_address_parts (address_part_id,physical_address_id,value,type,lang) VALUES (66203,8968,'de España','Direccion',NULL);
INSERT INTO tbl_address_parts (address_part_id,physical_address_id,value,type,lang) VALUES (66204,8969,'Miguel Servet','Direccion',NULL);
INSERT INTO tbl_address_parts (address_part_id,physical_address_id,value,type,lang) VALUES (66205,8970,'Jovellanos','Direccion',NULL);
INSERT INTO tbl_address_parts (address_part_id,physical_address_id,value,type,lang) VALUES (66206,8955,'12','Número',NULL);
INSERT INTO tbl_address_parts (address_part_id,physical_address_id,value,type,lang) VALUES (66207,8956,'31','Número',NULL);
INSERT INTO tbl_address_parts (address_part_id,physical_address_id,value,type,lang) VALUES (66208,8957,'2','Número',NULL);
INSERT INTO tbl_address_parts (address_part_id,physical_address_id,value,type,lang) VALUES (66209,8959,'21','Número',NULL);
INSERT INTO tbl_address_parts (address_part_id,physical_address_id,value,type,lang) VALUES (66210,8960,'s/n','Número',NULL);
INSERT INTO tbl_address_parts (address_part_id,physical_address_id,value,type,lang) VALUES (66211,8961,'s/n','Número',NULL);
INSERT INTO tbl_address_parts (address_part_id,physical_address_id,value,type,lang) VALUES (66212,8962,'s/n','Número',NULL);
INSERT INTO tbl_address_parts (address_part_id,physical_address_id,value,type,lang) VALUES (66213,8963,'s/n','Número',NULL);
INSERT INTO tbl_address_parts (address_part_id,physical_address_id,value,type,lang) VALUES (66214,8964,'8','Número',NULL);
INSERT INTO tbl_address_parts (address_part_id,physical_address_id,value,type,lang) VALUES (66215,8965,'6 - 9','Número',NULL);
INSERT INTO tbl_address_parts (address_part_id,physical_address_id,value,type,lang) VALUES (66216,8967,'13 - 15','Número',NULL);
INSERT INTO tbl_address_parts (address_part_id,physical_address_id,value,type,lang) VALUES (66217,8968,'s/n','Número',NULL);
INSERT INTO tbl_address_parts (address_part_id,physical_address_id,value,type,lang) VALUES (66218,8969,'57','Número',NULL);
INSERT INTO tbl_address_parts (address_part_id,physical_address_id,value,type,lang) VALUES (66219,8970,'23','Número',NULL);
INSERT INTO tbl_address_parts (address_part_id,physical_address_id,value,type,lang) VALUES (66220,8955,'22520','DistritoPostal',NULL);
INSERT INTO tbl_address_parts (address_part_id,physical_address_id,value,type,lang) VALUES (66221,8956,'33670','DistritoPostal',NULL);
INSERT INTO tbl_address_parts (address_part_id,physical_address_id,value,type,lang) VALUES (66222,8957,'33402','DistritoPostal',NULL);
INSERT INTO tbl_address_parts (address_part_id,physical_address_id,value,type,lang) VALUES (66223,8958,'33555','DistritoPostal',NULL);
INSERT INTO tbl_address_parts (address_part_id,physical_address_id,value,type,lang) VALUES (66224,8959,'33450','DistritoPostal',NULL);
INSERT INTO tbl_address_parts (address_part_id,physical_address_id,value,type,lang) VALUES (66225,8960,'33760','DistritoPostal',NULL);
INSERT INTO tbl_address_parts (address_part_id,physical_address_id,value,type,lang) VALUES (66226,8961,'33400','DistritoPostal',NULL);
INSERT INTO tbl_address_parts (address_part_id,physical_address_id,value,type,lang) VALUES (66227,8962,'33930','DistritoPostal',NULL);
INSERT INTO tbl_address_parts (address_part_id,physical_address_id,value,type,lang) VALUES (66228,8963,'33500','DistritoPostal',NULL);
INSERT INTO tbl_address_parts (address_part_id,physical_address_id,value,type,lang) VALUES (66229,8964,'33600','DistritoPostal',NULL);
INSERT INTO tbl_address_parts (address_part_id,physical_address_id,value,type,lang) VALUES (66230,8965,'33009','DistritoPostal',NULL);
INSERT INTO tbl_address_parts (address_part_id,physical_address_id,value,type,lang) VALUES (66231,8966,'33980','DistritoPostal',NULL);
INSERT INTO tbl_address_parts (address_part_id,physical_address_id,value,type,lang) VALUES (66232,8967,'44600','DistritoPostal',NULL);
INSERT INTO tbl_address_parts (address_part_id,physical_address_id,value,type,lang) VALUES (66233,8968,'50660','DistritoPostal',NULL);
INSERT INTO tbl_address_parts (address_part_id,physical_address_id,value,type,lang) VALUES (66234,8969,'50013','DistritoPostal',NULL);
INSERT INTO tbl_address_parts (address_part_id,physical_address_id,value,type,lang) VALUES (66235,8970,'33206','DistritoPostal',NULL);
INSERT INTO tbl_address_parts (address_part_id,physical_address_id,value,type,lang) VALUES (66236,8955,'España','Pais',NULL);
INSERT INTO tbl_address_parts (address_part_id,physical_address_id,value,type,lang) VALUES (66237,8956,'España','Pais',NULL);
INSERT INTO tbl_address_parts (address_part_id,physical_address_id,value,type,lang) VALUES (66238,8957,'España','Pais',NULL);
INSERT INTO tbl_address_parts (address_part_id,physical_address_id,value,type,lang) VALUES (66239,8958,'España','Pais',NULL);
INSERT INTO tbl_address_parts (address_part_id,physical_address_id,value,type,lang) VALUES (66240,8959,'España','Pais',NULL);
INSERT INTO tbl_address_parts (address_part_id,physical_address_id,value,type,lang) VALUES (66241,8960,'España','Pais',NULL);
INSERT INTO tbl_address_parts (address_part_id,physical_address_id,value,type,lang) VALUES (66242,8961,'España','Pais',NULL);
INSERT INTO tbl_address_parts (address_part_id,physical_address_id,value,type,lang) VALUES (66243,8962,'España','Pais',NULL);
INSERT INTO tbl_address_parts (address_part_id,physical_address_id,value,type,lang) VALUES (66244,8963,'España','Pais',NULL);
INSERT INTO tbl_address_parts (address_part_id,physical_address_id,value,type,lang) VALUES (66245,8964,'España','Pais',NULL);
INSERT INTO tbl_address_parts (address_part_id,physical_address_id,value,type,lang) VALUES (66246,8965,'España','Pais',NULL);
INSERT INTO tbl_address_parts (address_part_id,physical_address_id,value,type,lang) VALUES (66247,8966,'España','Pais',NULL);
INSERT INTO tbl_address_parts (address_part_id,physical_address_id,value,type,lang) VALUES (66248,8967,'España','Pais',NULL);
INSERT INTO tbl_address_parts (address_part_id,physical_address_id,value,type,lang) VALUES (66249,8968,'España','Pais',NULL);
INSERT INTO tbl_address_parts (address_part_id,physical_address_id,value,type,lang) VALUES (66250,8969,'España','Pais',NULL);
INSERT INTO tbl_address_parts (address_part_id,physical_address_id,value,type,lang) VALUES (66251,8970,'España','Pais',NULL);
INSERT INTO tbl_address_parts (address_part_id,physical_address_id,value,type,lang) VALUES (66252,8955,'Aragón','CA',NULL);
INSERT INTO tbl_address_parts (address_part_id,physical_address_id,value,type,lang) VALUES (66253,8956,'Principado de Asturias','CA',NULL);
INSERT INTO tbl_address_parts (address_part_id,physical_address_id,value,type,lang) VALUES (66254,8957,'Principado de Asturias','CA',NULL);
INSERT INTO tbl_address_parts (address_part_id,physical_address_id,value,type,lang) VALUES (66255,8958,'Principado de Asturias','CA',NULL);
INSERT INTO tbl_address_parts (address_part_id,physical_address_id,value,type,lang) VALUES (66256,8959,'Principado de Asturias','CA',NULL);
INSERT INTO tbl_address_parts (address_part_id,physical_address_id,value,type,lang) VALUES (66257,8960,'Principado de Asturias','CA',NULL);
INSERT INTO tbl_address_parts (address_part_id,physical_address_id,value,type,lang) VALUES (66258,8961,'Principado de Asturias','CA',NULL);
INSERT INTO tbl_address_parts (address_part_id,physical_address_id,value,type,lang) VALUES (66259,8962,'Principado de Asturias','CA',NULL);
INSERT INTO tbl_address_parts (address_part_id,physical_address_id,value,type,lang) VALUES (66260,8963,'Principado de Asturias','CA',NULL);
INSERT INTO tbl_address_parts (address_part_id,physical_address_id,value,type,lang) VALUES (66261,8964,'Principado de Asturias','CA',NULL);
INSERT INTO tbl_address_parts (address_part_id,physical_address_id,value,type,lang) VALUES (66262,8965,'Principado de Asturias','CA',NULL);
INSERT INTO tbl_address_parts (address_part_id,physical_address_id,value,type,lang) VALUES (66263,8966,'Principado de Asturias','CA',NULL);
INSERT INTO tbl_address_parts (address_part_id,physical_address_id,value,type,lang) VALUES (66264,8967,'Aragón','CA',NULL);
INSERT INTO tbl_address_parts (address_part_id,physical_address_id,value,type,lang) VALUES (66265,8968,'Aragón','CA',NULL);
INSERT INTO tbl_address_parts (address_part_id,physical_address_id,value,type,lang) VALUES (66266,8969,'Aragón','CA',NULL);
INSERT INTO tbl_address_parts (address_part_id,physical_address_id,value,type,lang) VALUES (66267,8970,'Principado de Asturias','CA',NULL);
INSERT INTO tbl_address_parts (address_part_id,physical_address_id,value,type,lang) VALUES (66268,8955,'Huesca','Provincia',NULL);
INSERT INTO tbl_address_parts (address_part_id,physical_address_id,value,type,lang) VALUES (66269,8956,'Asturias','Provincia',NULL);
INSERT INTO tbl_address_parts (address_part_id,physical_address_id,value,type,lang) VALUES (66270,8957,'Asturias','Provincia',NULL);
INSERT INTO tbl_address_parts (address_part_id,physical_address_id,value,type,lang) VALUES (66271,8958,'Asturias','Provincia',NULL);
INSERT INTO tbl_address_parts (address_part_id,physical_address_id,value,type,lang) VALUES (66272,8959,'Asturias','Provincia',NULL);
INSERT INTO tbl_address_parts (address_part_id,physical_address_id,value,type,lang) VALUES (66273,8960,'Asturias','Provincia',NULL);
INSERT INTO tbl_address_parts (address_part_id,physical_address_id,value,type,lang) VALUES (66274,8961,'Asturias','Provincia',NULL);
INSERT INTO tbl_address_parts (address_part_id,physical_address_id,value,type,lang) VALUES (66275,8962,'Asturias','Provincia',NULL);
INSERT INTO tbl_address_parts (address_part_id,physical_address_id,value,type,lang) VALUES (66276,8963,'Asturias','Provincia',NULL);
INSERT INTO tbl_address_parts (address_part_id,physical_address_id,value,type,lang) VALUES (66277,8964,'Asturias','Provincia',NULL);
INSERT INTO tbl_address_parts (address_part_id,physical_address_id,value,type,lang) VALUES (66278,8965,'Asturias','Provincia',NULL);
INSERT INTO tbl_address_parts (address_part_id,physical_address_id,value,type,lang) VALUES (66279,8966,'Asturias','Provincia',NULL);
INSERT INTO tbl_address_parts (address_part_id,physical_address_id,value,type,lang) VALUES (66280,8967,'Teruel','Provincia',NULL);
INSERT INTO tbl_address_parts (address_part_id,physical_address_id,value,type,lang) VALUES (66281,8968,'Zaragoza','Provincia',NULL);
INSERT INTO tbl_address_parts (address_part_id,physical_address_id,value,type,lang) VALUES (66282,8969,'Zaragoza','Provincia',NULL);
INSERT INTO tbl_address_parts (address_part_id,physical_address_id,value,type,lang) VALUES (66283,8970,'Asturias','Provincia',NULL);
INSERT INTO tbl_address_parts (address_part_id,physical_address_id,value,type,lang) VALUES (66284,8955,'Fraga','Municipio',NULL);

INSERT INTO tbl_relations (relation_id,registry_object_key,related_registry_object_key) VALUES (155,8961,8934);
INSERT INTO tbl_relations (relation_id,registry_object_key,related_registry_object_key) VALUES (156,8961,8935);
INSERT INTO tbl_relations (relation_id,registry_object_key,related_registry_object_key) VALUES (157,8961,8938);
INSERT INTO tbl_relations (relation_id,registry_object_key,related_registry_object_key) VALUES (158,8962,8942);
INSERT INTO tbl_relations (relation_id,registry_object_key,related_registry_object_key) VALUES (159,8962,8943);
INSERT INTO tbl_relations (relation_id,registry_object_key,related_registry_object_key) VALUES (160,8963,8944);
INSERT INTO tbl_relations (relation_id,registry_object_key,related_registry_object_key) VALUES (161,8963,8949);
INSERT INTO tbl_relations (relation_id,registry_object_key,related_registry_object_key) VALUES (162,8964,8945);
INSERT INTO tbl_relations (relation_id,registry_object_key,related_registry_object_key) VALUES (163,8965,8946);
INSERT INTO tbl_relations (relation_id,registry_object_key,related_registry_object_key) VALUES (164,8966,8947);
INSERT INTO tbl_relations (relation_id,registry_object_key,related_registry_object_key) VALUES (165,8967,8948);
INSERT INTO tbl_relations (relation_id,registry_object_key,related_registry_object_key) VALUES (166,8968,8956);
INSERT INTO tbl_relations (relation_id,registry_object_key,related_registry_object_key) VALUES (167,8969,8959);
INSERT INTO tbl_relations (relation_id,registry_object_key,related_registry_object_key) VALUES (168,8970,8960);
INSERT INTO tbl_relations (relation_id,registry_object_key,related_registry_object_key) VALUES (169,8971,8941);
INSERT INTO tbl_relations (relation_id,registry_object_key,related_registry_object_key) VALUES (170,8972,8957);
INSERT INTO tbl_relations (relation_id,registry_object_key,related_registry_object_key) VALUES (171,8972,8958);
INSERT INTO tbl_relations (relation_id,registry_object_key,related_registry_object_key) VALUES (172,8973,8936);
INSERT INTO tbl_relations (relation_id,registry_object_key,related_registry_object_key) VALUES (173,8973,8937);
INSERT INTO tbl_relations (relation_id,registry_object_key,related_registry_object_key) VALUES (174,8974,8939);
INSERT INTO tbl_relations (relation_id,registry_object_key,related_registry_object_key) VALUES (175,8974,8940);
INSERT INTO tbl_relations (relation_id,registry_object_key,related_registry_object_key) VALUES (176,8975,8911);
INSERT INTO tbl_relations (relation_id,registry_object_key,related_registry_object_key) VALUES (177,8975,8912);
INSERT INTO tbl_relations (relation_id,registry_object_key,related_registry_object_key) VALUES (178,8975,8913);
INSERT INTO tbl_relations (relation_id,registry_object_key,related_registry_object_key) VALUES (179,8975,8914);
INSERT INTO tbl_relations (relation_id,registry_object_key,related_registry_object_key) VALUES (180,8975,8915);
INSERT INTO tbl_relations (relation_id,registry_object_key,related_registry_object_key) VALUES (181,8975,8916);
INSERT INTO tbl_relations (relation_id,registry_object_key,related_registry_object_key) VALUES (182,8975,8917);
INSERT INTO tbl_relations (relation_id,registry_object_key,related_registry_object_key) VALUES (183,8975,8918);
INSERT INTO tbl_relations (relation_id,registry_object_key,related_registry_object_key) VALUES (184,8975,8919);
INSERT INTO tbl_relations (relation_id,registry_object_key,related_registry_object_key) VALUES (185,8975,8920);
INSERT INTO tbl_relations (relation_id,registry_object_key,related_registry_object_key) VALUES (186,8975,8921);
INSERT INTO tbl_relations (relation_id,registry_object_key,related_registry_object_key) VALUES (187,8975,8922);
INSERT INTO tbl_relations (relation_id,registry_object_key,related_registry_object_key) VALUES (188,8975,8923);
INSERT INTO tbl_relations (relation_id,registry_object_key,related_registry_object_key) VALUES (189,8975,8924);
INSERT INTO tbl_relations (relation_id,registry_object_key,related_registry_object_key) VALUES (190,8975,8925);
INSERT INTO tbl_relations (relation_id,registry_object_key,related_registry_object_key) VALUES (191,8975,8926);
INSERT INTO tbl_relations (relation_id,registry_object_key,related_registry_object_key) VALUES (192,8975,8927);
INSERT INTO tbl_relations (relation_id,registry_object_key,related_registry_object_key) VALUES (193,8975,8928);
INSERT INTO tbl_relations (relation_id,registry_object_key,related_registry_object_key) VALUES (194,8975,8929);
INSERT INTO tbl_relations (relation_id,registry_object_key,related_registry_object_key) VALUES (195,8975,8930);
INSERT INTO tbl_relations (relation_id,registry_object_key,related_registry_object_key) VALUES (196,8975,8931);
INSERT INTO tbl_relations (relation_id,registry_object_key,related_registry_object_key) VALUES (197,8975,8932);
INSERT INTO tbl_relations (relation_id,registry_object_key,related_registry_object_key) VALUES (198,8975,8933);
INSERT INTO tbl_relations (relation_id,registry_object_key,related_registry_object_key) VALUES (199,8976,8950);
INSERT INTO tbl_relations (relation_id,registry_object_key,related_registry_object_key) VALUES (200,8976,8951);
INSERT INTO tbl_relations (relation_id,registry_object_key,related_registry_object_key) VALUES (201,8976,8952);
INSERT INTO tbl_relations (relation_id,registry_object_key,related_registry_object_key) VALUES (202,8976,8953);
INSERT INTO tbl_relations (relation_id,registry_object_key,related_registry_object_key) VALUES (203,8976,8954);
INSERT INTO tbl_relations (relation_id,registry_object_key,related_registry_object_key) VALUES (204,8976,8955);
INSERT INTO tbl_relations (relation_id,registry_object_key,related_registry_object_key) VALUES (205,8911,8975);
INSERT INTO tbl_relations (relation_id,registry_object_key,related_registry_object_key) VALUES (206,8912,8975);
INSERT INTO tbl_relations (relation_id,registry_object_key,related_registry_object_key) VALUES (207,8913,8975);
INSERT INTO tbl_relations (relation_id,registry_object_key,related_registry_object_key) VALUES (208,8914,8975);
INSERT INTO tbl_relations (relation_id,registry_object_key,related_registry_object_key) VALUES (209,8915,8975);
INSERT INTO tbl_relations (relation_id,registry_object_key,related_registry_object_key) VALUES (210,8916,8975);
INSERT INTO tbl_relations (relation_id,registry_object_key,related_registry_object_key) VALUES (211,8917,8975);
INSERT INTO tbl_relations (relation_id,registry_object_key,related_registry_object_key) VALUES (212,8918,8975);
INSERT INTO tbl_relations (relation_id,registry_object_key,related_registry_object_key) VALUES (213,8919,8975);
INSERT INTO tbl_relations (relation_id,registry_object_key,related_registry_object_key) VALUES (214,8920,8975);
INSERT INTO tbl_relations (relation_id,registry_object_key,related_registry_object_key) VALUES (215,8921,8975);
INSERT INTO tbl_relations (relation_id,registry_object_key,related_registry_object_key) VALUES (216,8922,8975);
INSERT INTO tbl_relations (relation_id,registry_object_key,related_registry_object_key) VALUES (217,8923,8975);
INSERT INTO tbl_relations (relation_id,registry_object_key,related_registry_object_key) VALUES (218,8924,8975);
INSERT INTO tbl_relations (relation_id,registry_object_key,related_registry_object_key) VALUES (219,8925,8975);
INSERT INTO tbl_relations (relation_id,registry_object_key,related_registry_object_key) VALUES (220,8926,8975);
INSERT INTO tbl_relations (relation_id,registry_object_key,related_registry_object_key) VALUES (221,8927,8975);
INSERT INTO tbl_relations (relation_id,registry_object_key,related_registry_object_key) VALUES (222,8928,8975);
INSERT INTO tbl_relations (relation_id,registry_object_key,related_registry_object_key) VALUES (223,8929,8975);
INSERT INTO tbl_relations (relation_id,registry_object_key,related_registry_object_key) VALUES (224,8930,8975);
INSERT INTO tbl_relations (relation_id,registry_object_key,related_registry_object_key) VALUES (225,8931,8975);
INSERT INTO tbl_relations (relation_id,registry_object_key,related_registry_object_key) VALUES (226,8932,8975);
INSERT INTO tbl_relations (relation_id,registry_object_key,related_registry_object_key) VALUES (227,8933,8975);
INSERT INTO tbl_relations (relation_id,registry_object_key,related_registry_object_key) VALUES (228,8934,8961);
INSERT INTO tbl_relations (relation_id,registry_object_key,related_registry_object_key) VALUES (229,8935,8961);
INSERT INTO tbl_relations (relation_id,registry_object_key,related_registry_object_key) VALUES (230,8936,8973);
INSERT INTO tbl_relations (relation_id,registry_object_key,related_registry_object_key) VALUES (231,8937,8973);
INSERT INTO tbl_relations (relation_id,registry_object_key,related_registry_object_key) VALUES (232,8938,8961);
INSERT INTO tbl_relations (relation_id,registry_object_key,related_registry_object_key) VALUES (233,8939,8974);
INSERT INTO tbl_relations (relation_id,registry_object_key,related_registry_object_key) VALUES (234,8940,8974);
INSERT INTO tbl_relations (relation_id,registry_object_key,related_registry_object_key) VALUES (235,8941,8971);
INSERT INTO tbl_relations (relation_id,registry_object_key,related_registry_object_key) VALUES (236,8942,8962);
INSERT INTO tbl_relations (relation_id,registry_object_key,related_registry_object_key) VALUES (237,8943,8962);
INSERT INTO tbl_relations (relation_id,registry_object_key,related_registry_object_key) VALUES (238,8944,8963);
INSERT INTO tbl_relations (relation_id,registry_object_key,related_registry_object_key) VALUES (239,8945,8964);
INSERT INTO tbl_relations (relation_id,registry_object_key,related_registry_object_key) VALUES (240,8946,8965);
INSERT INTO tbl_relations (relation_id,registry_object_key,related_registry_object_key) VALUES (241,8947,8966);
INSERT INTO tbl_relations (relation_id,registry_object_key,related_registry_object_key) VALUES (242,8948,8967);
INSERT INTO tbl_relations (relation_id,registry_object_key,related_registry_object_key) VALUES (243,8949,8963);
INSERT INTO tbl_relations (relation_id,registry_object_key,related_registry_object_key) VALUES (244,8950,8976);
INSERT INTO tbl_relations (relation_id,registry_object_key,related_registry_object_key) VALUES (245,8951,8976);
INSERT INTO tbl_relations (relation_id,registry_object_key,related_registry_object_key) VALUES (246,8952,8976);
INSERT INTO tbl_relations (relation_id,registry_object_key,related_registry_object_key) VALUES (247,8953,8976);
INSERT INTO tbl_relations (relation_id,registry_object_key,related_registry_object_key) VALUES (248,8954,8976);
INSERT INTO tbl_relations (relation_id,registry_object_key,related_registry_object_key) VALUES (249,8955,8976);
INSERT INTO tbl_relations (relation_id,registry_object_key,related_registry_object_key) VALUES (250,8956,8968);
INSERT INTO tbl_relations (relation_id,registry_object_key,related_registry_object_key) VALUES (251,8957,8972);
INSERT INTO tbl_relations (relation_id,registry_object_key,related_registry_object_key) VALUES (252,8958,8972);
INSERT INTO tbl_relations (relation_id,registry_object_key,related_registry_object_key) VALUES (253,8959,8969);
INSERT INTO tbl_relations (relation_id,registry_object_key,related_registry_object_key) VALUES (254,8960,8970);

INSERT INTO tbl_relation_descriptions (relation_description_id,relation_id,description,type,lang,url) VALUES (155,155,'Punto de servicio','Dependencia',NULL,NULL);
INSERT INTO tbl_relation_descriptions (relation_description_id,relation_id,description,type,lang,url) VALUES (156,156,'Punto de servicio','Dependencia',NULL,NULL);
INSERT INTO tbl_relation_descriptions (relation_description_id,relation_id,description,type,lang,url) VALUES (157,157,'Punto de servicio','Dependencia',NULL,NULL);
INSERT INTO tbl_relation_descriptions (relation_description_id,relation_id,description,type,lang,url) VALUES (158,158,'Punto de servicio','Dependencia',NULL,NULL);
INSERT INTO tbl_relation_descriptions (relation_description_id,relation_id,description,type,lang,url) VALUES (159,159,'Punto de servicio','Dependencia',NULL,NULL);
INSERT INTO tbl_relation_descriptions (relation_description_id,relation_id,description,type,lang,url) VALUES (160,160,'Punto de servicio','Dependencia',NULL,NULL);
INSERT INTO tbl_relation_descriptions (relation_description_id,relation_id,description,type,lang,url) VALUES (161,161,'Punto de servicio','Dependencia',NULL,NULL);
INSERT INTO tbl_relation_descriptions (relation_description_id,relation_id,description,type,lang,url) VALUES (162,162,'Punto de servicio','Dependencia',NULL,NULL);
INSERT INTO tbl_relation_descriptions (relation_description_id,relation_id,description,type,lang,url) VALUES (163,163,'Punto de servicio','Dependencia',NULL,NULL);
INSERT INTO tbl_relation_descriptions (relation_description_id,relation_id,description,type,lang,url) VALUES (164,164,'Punto de servicio','Dependencia',NULL,NULL);
INSERT INTO tbl_relation_descriptions (relation_description_id,relation_id,description,type,lang,url) VALUES (165,165,'Punto de servicio','Dependencia',NULL,NULL);
INSERT INTO tbl_relation_descriptions (relation_description_id,relation_id,description,type,lang,url) VALUES (166,166,'Punto de servicio','Dependencia',NULL,NULL);
INSERT INTO tbl_relation_descriptions (relation_description_id,relation_id,description,type,lang,url) VALUES (167,167,'Punto de servicio','Dependencia',NULL,NULL);
INSERT INTO tbl_relation_descriptions (relation_description_id,relation_id,description,type,lang,url) VALUES (168,168,'Punto de servicio','Dependencia',NULL,NULL);
INSERT INTO tbl_relation_descriptions (relation_description_id,relation_id,description,type,lang,url) VALUES (169,169,'Punto de servicio','Dependencia',NULL,NULL);
INSERT INTO tbl_relation_descriptions (relation_description_id,relation_id,description,type,lang,url) VALUES (170,170,'Punto de servicio','Dependencia',NULL,NULL);
INSERT INTO tbl_relation_descriptions (relation_description_id,relation_id,description,type,lang,url) VALUES (171,171,'Punto de servicio','Dependencia',NULL,NULL);
INSERT INTO tbl_relation_descriptions (relation_description_id,relation_id,description,type,lang,url) VALUES (172,172,'Punto de servicio','Dependencia',NULL,NULL);
INSERT INTO tbl_relation_descriptions (relation_description_id,relation_id,description,type,lang,url) VALUES (173,173,'Punto de servicio','Dependencia',NULL,NULL);
INSERT INTO tbl_relation_descriptions (relation_description_id,relation_id,description,type,lang,url) VALUES (174,174,'Punto de servicio','Dependencia',NULL,NULL);
INSERT INTO tbl_relation_descriptions (relation_description_id,relation_id,description,type,lang,url) VALUES (175,175,'Punto de servicio','Dependencia',NULL,NULL);
INSERT INTO tbl_relation_descriptions (relation_description_id,relation_id,description,type,lang,url) VALUES (176,176,'Punto de servicio','Dependencia',NULL,NULL);
INSERT INTO tbl_relation_descriptions (relation_description_id,relation_id,description,type,lang,url) VALUES (177,177,'Punto de servicio','Dependencia',NULL,NULL);
INSERT INTO tbl_relation_descriptions (relation_description_id,relation_id,description,type,lang,url) VALUES (178,178,'Punto de servicio','Dependencia',NULL,NULL);
INSERT INTO tbl_relation_descriptions (relation_description_id,relation_id,description,type,lang,url) VALUES (179,179,'Punto de servicio','Dependencia',NULL,NULL);
INSERT INTO tbl_relation_descriptions (relation_description_id,relation_id,description,type,lang,url) VALUES (180,180,'Punto de servicio','Dependencia',NULL,NULL);
INSERT INTO tbl_relation_descriptions (relation_description_id,relation_id,description,type,lang,url) VALUES (181,181,'Punto de servicio','Dependencia',NULL,NULL);
INSERT INTO tbl_relation_descriptions (relation_description_id,relation_id,description,type,lang,url) VALUES (182,182,'Punto de servicio','Dependencia',NULL,NULL);
INSERT INTO tbl_relation_descriptions (relation_description_id,relation_id,description,type,lang,url) VALUES (183,183,'Punto de servicio','Dependencia',NULL,NULL);
INSERT INTO tbl_relation_descriptions (relation_description_id,relation_id,description,type,lang,url) VALUES (184,184,'Punto de servicio','Dependencia',NULL,NULL);
INSERT INTO tbl_relation_descriptions (relation_description_id,relation_id,description,type,lang,url) VALUES (185,185,'Punto de servicio','Dependencia',NULL,NULL);
INSERT INTO tbl_relation_descriptions (relation_description_id,relation_id,description,type,lang,url) VALUES (186,186,'Punto de servicio','Dependencia',NULL,NULL);
INSERT INTO tbl_relation_descriptions (relation_description_id,relation_id,description,type,lang,url) VALUES (187,187,'Punto de servicio','Dependencia',NULL,NULL);
INSERT INTO tbl_relation_descriptions (relation_description_id,relation_id,description,type,lang,url) VALUES (188,188,'Punto de servicio','Dependencia',NULL,NULL);
INSERT INTO tbl_relation_descriptions (relation_description_id,relation_id,description,type,lang,url) VALUES (189,189,'Punto de servicio','Dependencia',NULL,NULL);
INSERT INTO tbl_relation_descriptions (relation_description_id,relation_id,description,type,lang,url) VALUES (190,190,'Punto de servicio','Dependencia',NULL,NULL);
INSERT INTO tbl_relation_descriptions (relation_description_id,relation_id,description,type,lang,url) VALUES (191,191,'Punto de servicio','Dependencia',NULL,NULL);
INSERT INTO tbl_relation_descriptions (relation_description_id,relation_id,description,type,lang,url) VALUES (192,192,'Punto de servicio','Dependencia',NULL,NULL);
INSERT INTO tbl_relation_descriptions (relation_description_id,relation_id,description,type,lang,url) VALUES (193,193,'Punto de servicio','Dependencia',NULL,NULL);
INSERT INTO tbl_relation_descriptions (relation_description_id,relation_id,description,type,lang,url) VALUES (194,194,'Punto de servicio','Dependencia',NULL,NULL);
INSERT INTO tbl_relation_descriptions (relation_description_id,relation_id,description,type,lang,url) VALUES (195,195,'Punto de servicio','Dependencia',NULL,NULL);
INSERT INTO tbl_relation_descriptions (relation_description_id,relation_id,description,type,lang,url) VALUES (196,196,'Punto de servicio','Dependencia',NULL,NULL);
INSERT INTO tbl_relation_descriptions (relation_description_id,relation_id,description,type,lang,url) VALUES (197,197,'Punto de servicio','Dependencia',NULL,NULL);
INSERT INTO tbl_relation_descriptions (relation_description_id,relation_id,description,type,lang,url) VALUES (198,198,'Punto de servicio','Dependencia',NULL,NULL);
INSERT INTO tbl_relation_descriptions (relation_description_id,relation_id,description,type,lang,url) VALUES (199,199,'Punto de servicio','Dependencia',NULL,NULL);
INSERT INTO tbl_relation_descriptions (relation_description_id,relation_id,description,type,lang,url) VALUES (200,200,'Punto de servicio','Dependencia',NULL,NULL);
INSERT INTO tbl_relation_descriptions (relation_description_id,relation_id,description,type,lang,url) VALUES (201,201,'Punto de servicio','Dependencia',NULL,NULL);
INSERT INTO tbl_relation_descriptions (relation_description_id,relation_id,description,type,lang,url) VALUES (202,202,'Punto de servicio','Dependencia',NULL,NULL);
INSERT INTO tbl_relation_descriptions (relation_description_id,relation_id,description,type,lang,url) VALUES (203,203,'Punto de servicio','Dependencia',NULL,NULL);
INSERT INTO tbl_relation_descriptions (relation_description_id,relation_id,description,type,lang,url) VALUES (204,204,'Punto de servicio','Dependencia',NULL,NULL);
INSERT INTO tbl_relation_descriptions (relation_description_id,relation_id,description,type,lang,url) VALUES (205,205,'Unidad Administrativa','Dependencia',NULL,NULL);
INSERT INTO tbl_relation_descriptions (relation_description_id,relation_id,description,type,lang,url) VALUES (206,206,'Unidad Administrativa','Dependencia',NULL,NULL);
INSERT INTO tbl_relation_descriptions (relation_description_id,relation_id,description,type,lang,url) VALUES (207,207,'Unidad Administrativa','Dependencia',NULL,NULL);
INSERT INTO tbl_relation_descriptions (relation_description_id,relation_id,description,type,lang,url) VALUES (208,208,'Unidad Administrativa','Dependencia',NULL,NULL);
INSERT INTO tbl_relation_descriptions (relation_description_id,relation_id,description,type,lang,url) VALUES (209,209,'Unidad Administrativa','Dependencia',NULL,NULL);
INSERT INTO tbl_relation_descriptions (relation_description_id,relation_id,description,type,lang,url) VALUES (210,210,'Unidad Administrativa','Dependencia',NULL,NULL);
INSERT INTO tbl_relation_descriptions (relation_description_id,relation_id,description,type,lang,url) VALUES (211,211,'Unidad Administrativa','Dependencia',NULL,NULL);
INSERT INTO tbl_relation_descriptions (relation_description_id,relation_id,description,type,lang,url) VALUES (212,212,'Unidad Administrativa','Dependencia',NULL,NULL);
INSERT INTO tbl_relation_descriptions (relation_description_id,relation_id,description,type,lang,url) VALUES (213,213,'Unidad Administrativa','Dependencia',NULL,NULL);
INSERT INTO tbl_relation_descriptions (relation_description_id,relation_id,description,type,lang,url) VALUES (214,214,'Unidad Administrativa','Dependencia',NULL,NULL);
INSERT INTO tbl_relation_descriptions (relation_description_id,relation_id,description,type,lang,url) VALUES (215,215,'Unidad Administrativa','Dependencia',NULL,NULL);
INSERT INTO tbl_relation_descriptions (relation_description_id,relation_id,description,type,lang,url) VALUES (216,216,'Unidad Administrativa','Dependencia',NULL,NULL);
INSERT INTO tbl_relation_descriptions (relation_description_id,relation_id,description,type,lang,url) VALUES (217,217,'Unidad Administrativa','Dependencia',NULL,NULL);
INSERT INTO tbl_relation_descriptions (relation_description_id,relation_id,description,type,lang,url) VALUES (218,218,'Unidad Administrativa','Dependencia',NULL,NULL);
INSERT INTO tbl_relation_descriptions (relation_description_id,relation_id,description,type,lang,url) VALUES (219,219,'Unidad Administrativa','Dependencia',NULL,NULL);
INSERT INTO tbl_relation_descriptions (relation_description_id,relation_id,description,type,lang,url) VALUES (220,220,'Unidad Administrativa','Dependencia',NULL,NULL);
INSERT INTO tbl_relation_descriptions (relation_description_id,relation_id,description,type,lang,url) VALUES (221,221,'Unidad Administrativa','Dependencia',NULL,NULL);
INSERT INTO tbl_relation_descriptions (relation_description_id,relation_id,description,type,lang,url) VALUES (222,222,'Unidad Administrativa','Dependencia',NULL,NULL);
INSERT INTO tbl_relation_descriptions (relation_description_id,relation_id,description,type,lang,url) VALUES (223,223,'Unidad Administrativa','Dependencia',NULL,NULL);
INSERT INTO tbl_relation_descriptions (relation_description_id,relation_id,description,type,lang,url) VALUES (224,224,'Unidad Administrativa','Dependencia',NULL,NULL);
INSERT INTO tbl_relation_descriptions (relation_description_id,relation_id,description,type,lang,url) VALUES (225,225,'Unidad Administrativa','Dependencia',NULL,NULL);
INSERT INTO tbl_relation_descriptions (relation_description_id,relation_id,description,type,lang,url) VALUES (226,226,'Unidad Administrativa','Dependencia',NULL,NULL);
INSERT INTO tbl_relation_descriptions (relation_description_id,relation_id,description,type,lang,url) VALUES (227,227,'Unidad Administrativa','Dependencia',NULL,NULL);
INSERT INTO tbl_relation_descriptions (relation_description_id,relation_id,description,type,lang,url) VALUES (228,228,'Unidad Administrativa','Dependencia',NULL,NULL);
INSERT INTO tbl_relation_descriptions (relation_description_id,relation_id,description,type,lang,url) VALUES (229,229,'Unidad Administrativa','Dependencia',NULL,NULL);
INSERT INTO tbl_relation_descriptions (relation_description_id,relation_id,description,type,lang,url) VALUES (230,230,'Unidad Administrativa','Dependencia',NULL,NULL);
INSERT INTO tbl_relation_descriptions (relation_description_id,relation_id,description,type,lang,url) VALUES (231,231,'Unidad Administrativa','Dependencia',NULL,NULL);
INSERT INTO tbl_relation_descriptions (relation_description_id,relation_id,description,type,lang,url) VALUES (232,232,'Unidad Administrativa','Dependencia',NULL,NULL);
INSERT INTO tbl_relation_descriptions (relation_description_id,relation_id,description,type,lang,url) VALUES (233,233,'Unidad Administrativa','Dependencia',NULL,NULL);
INSERT INTO tbl_relation_descriptions (relation_description_id,relation_id,description,type,lang,url) VALUES (234,234,'Unidad Administrativa','Dependencia',NULL,NULL);
INSERT INTO tbl_relation_descriptions (relation_description_id,relation_id,description,type,lang,url) VALUES (235,235,'Unidad Administrativa','Dependencia',NULL,NULL);
INSERT INTO tbl_relation_descriptions (relation_description_id,relation_id,description,type,lang,url) VALUES (236,236,'Unidad Administrativa','Dependencia',NULL,NULL);
INSERT INTO tbl_relation_descriptions (relation_description_id,relation_id,description,type,lang,url) VALUES (237,237,'Unidad Administrativa','Dependencia',NULL,NULL);
INSERT INTO tbl_relation_descriptions (relation_description_id,relation_id,description,type,lang,url) VALUES (238,238,'Unidad Administrativa','Dependencia',NULL,NULL);
INSERT INTO tbl_relation_descriptions (relation_description_id,relation_id,description,type,lang,url) VALUES (239,239,'Unidad Administrativa','Dependencia',NULL,NULL);
INSERT INTO tbl_relation_descriptions (relation_description_id,relation_id,description,type,lang,url) VALUES (240,240,'Unidad Administrativa','Dependencia',NULL,NULL);
INSERT INTO tbl_relation_descriptions (relation_description_id,relation_id,description,type,lang,url) VALUES (241,241,'Unidad Administrativa','Dependencia',NULL,NULL);
INSERT INTO tbl_relation_descriptions (relation_description_id,relation_id,description,type,lang,url) VALUES (242,242,'Unidad Administrativa','Dependencia',NULL,NULL);
INSERT INTO tbl_relation_descriptions (relation_description_id,relation_id,description,type,lang,url) VALUES (243,243,'Unidad Administrativa','Dependencia',NULL,NULL);
INSERT INTO tbl_relation_descriptions (relation_description_id,relation_id,description,type,lang,url) VALUES (244,244,'Unidad Administrativa','Dependencia',NULL,NULL);
INSERT INTO tbl_relation_descriptions (relation_description_id,relation_id,description,type,lang,url) VALUES (245,245,'Unidad Administrativa','Dependencia',NULL,NULL);
INSERT INTO tbl_relation_descriptions (relation_description_id,relation_id,description,type,lang,url) VALUES (246,246,'Unidad Administrativa','Dependencia',NULL,NULL);
INSERT INTO tbl_relation_descriptions (relation_description_id,relation_id,description,type,lang,url) VALUES (247,247,'Unidad Administrativa','Dependencia',NULL,NULL);
INSERT INTO tbl_relation_descriptions (relation_description_id,relation_id,description,type,lang,url) VALUES (248,248,'Unidad Administrativa','Dependencia',NULL,NULL);
INSERT INTO tbl_relation_descriptions (relation_description_id,relation_id,description,type,lang,url) VALUES (249,249,'Unidad Administrativa','Dependencia',NULL,NULL);
INSERT INTO tbl_relation_descriptions (relation_description_id,relation_id,description,type,lang,url) VALUES (250,250,'Unidad Administrativa','Dependencia',NULL,NULL);
INSERT INTO tbl_relation_descriptions (relation_description_id,relation_id,description,type,lang,url) VALUES (251,251,'Unidad Administrativa','Dependencia',NULL,NULL);
INSERT INTO tbl_relation_descriptions (relation_description_id,relation_id,description,type,lang,url) VALUES (252,252,'Unidad Administrativa','Dependencia',NULL,NULL);
INSERT INTO tbl_relation_descriptions (relation_description_id,relation_id,description,type,lang,url) VALUES (253,253,'Unidad Administrativa','Dependencia',NULL,NULL);
INSERT INTO tbl_relation_descriptions (relation_description_id,relation_id,description,type,lang,url) VALUES (254,254,'Unidad Administrativa','Dependencia',NULL,NULL);

----
